Country,Country_Code,Region,Income_Group,Year,Internet_Usage_Pct,Household_Internet_Access_Pct,Smartphone_Adoption_Pct,Mobile_Subscriptions_per_100,Fixed_Broadband_per_100,Avg_Fixed_Download_Speed_Mbps,Avg_Mobile_Download_Speed_Mbps,Network_Coverage_4G_Pct,Availability_5G_Pct,Broadband_Monthly_Cost_USD,Mobile_Data_Cost_per_GB_USD,Connectivity_Cost_Pct_Income,Digital_Literacy_Pct,Urbanization_Pct,Population_Millions
United States,USA,North America,High Income,2018,87.49,96.41,89.68,139.06,32.98,194.43,55.61,99.09,0.0,45.99,1.59,0.54,99.69,93.57,333.0
United States,USA,North America,High Income,2019,88.64,99.8,92.31,138.55,33.8,214.29,60.74,99.9,1.07,45.73,1.56,0.33,99.81,94.02,335.66
United States,USA,North America,High Income,2020,89.56,99.8,95.09,141.89,34.11,229.18,63.87,99.9,8.67,43.61,1.53,0.53,99.9,94.29,338.33
United States,USA,North America,High Income,2021,91.21,99.8,97.42,142.92,34.82,242.63,66.51,99.9,22.45,42.63,1.5,0.52,99.9,94.69,340.99
United States,USA,North America,High Income,2022,91.27,99.8,99.0,146.04,34.62,255.61,71.88,99.9,31.32,41.9,1.35,0.37,99.9,94.9,343.66
United States,USA,North America,High Income,2023,95.55,99.8,99.0,147.99,36.17,269.23,73.61,99.9,41.76,41.11,1.36,0.37,99.9,95.25,346.32
United States,USA,North America,High Income,2024,96.1,99.8,99.0,150.61,36.99,280.76,79.42,99.9,56.3,39.74,1.26,0.3,99.9,95.45,348.98
United States,USA,North America,High Income,2025,97.47,99.8,99.0,151.28,37.49,304.16,83.19,99.9,66.63,40.3,1.14,0.52,99.9,95.77,351.65
Canada,CAN,North America,High Income,2018,83.73,83.23,80.86,125.24,40.81,138.98,75.17,97.87,0.0,30.6,0.93,1.08,94.59,92.36,38.5
Canada,CAN,North America,High Income,2019,84.76,86.53,83.29,130.37,41.2,150.29,82.33,99.9,0.0,28.73,0.94,0.97,94.8,92.73,38.81
Canada,CAN,North America,High Income,2020,88.33,90.01,84.27,131.71,41.31,158.97,86.57,98.17,11.85,28.8,0.9,1.08,95.14,93.02,39.12
Canada,CAN,North America,High Income,2021,87.94,87.84,86.02,130.09,42.48,169.74,91.14,99.9,21.59,28.09,0.84,0.87,95.16,93.53,39.42
Canada,CAN,North America,High Income,2022,89.29,91.15,87.21,134.69,42.94,179.2,97.53,99.9,32.2,26.97,0.61,0.64,95.4,93.6,39.73
Canada,CAN,North America,High Income,2023,92.25,92.55,89.89,135.43,43.21,198.4,101.89,99.9,42.22,26.65,0.81,0.82,95.57,93.9,40.04
Canada,CAN,North America,High Income,2024,94.07,93.29,91.72,138.88,44.25,209.27,108.29,99.9,51.61,25.78,0.86,0.79,95.52,94.27,40.35
Canada,CAN,North America,High Income,2025,94.91,96.84,94.74,138.88,44.32,217.54,113.23,99.9,67.06,26.09,0.47,0.73,95.73,94.61,40.66
Bermuda,BMU,North America,High Income,2018,83.2,91.83,88.87,115.4,41.77,145.92,55.91,99.5,0.0,57.67,1.93,0.93,90.9,89.88,0.06
Bermuda,BMU,North America,High Income,2019,85.82,93.01,89.57,118.6,42.29,153.07,59.19,99.9,0.82,56.74,1.73,0.66,91.13,90.08,0.06
Bermuda,BMU,North America,High Income,2020,87.37,92.21,90.69,121.09,42.54,169.05,62.26,99.9,11.5,56.27,1.79,0.74,91.28,90.29,0.06
Bermuda,BMU,North America,High Income,2021,88.27,95.49,91.73,122.05,43.51,179.56,70.39,99.9,23.8,56.84,1.71,0.8,91.44,90.69,0.06
Bermuda,BMU,North America,High Income,2022,89.64,96.59,96.7,123.62,44.66,186.89,72.54,99.9,30.65,54.08,1.57,0.88,91.87,90.87,0.06
Bermuda,BMU,North America,High Income,2023,90.3,98.07,94.5,129.12,45.04,206.54,75.0,99.9,46.98,53.85,1.45,0.79,92.07,91.48,0.06
Bermuda,BMU,North America,High Income,2024,92.45,99.8,99.0,127.17,45.45,220.92,78.68,99.9,53.63,51.31,1.46,0.86,92.24,91.62,0.06
Bermuda,BMU,North America,High Income,2025,94.89,99.8,99.0,128.54,46.44,226.24,83.19,99.9,62.73,50.41,1.28,0.77,92.35,91.89,0.06
Germany,DEU,Europe & Central Asia,High Income,2018,87.9,85.28,87.08,116.16,48.22,116.24,108.78,95.24,0.0,42.59,1.41,0.68,99.58,92.21,83.8
Germany,DEU,Europe & Central Asia,High Income,2019,88.12,85.35,88.56,118.2,48.13,130.02,116.28,97.04,0.02,43.14,1.46,0.56,99.73,92.47,84.47
Germany,DEU,Europe & Central Asia,High Income,2020,91.32,87.26,90.12,121.62,48.92,137.62,124.09,98.37,7.33,41.45,1.26,0.59,99.9,92.75,85.14
Germany,DEU,Europe & Central Asia,High Income,2021,91.97,89.83,91.88,120.84,50.28,142.81,133.88,98.44,21.68,41.37,1.16,0.82,99.9,93.21,85.81
Germany,DEU,Europe & Central Asia,High Income,2022,94.73,90.01,94.12,123.66,50.16,154.47,140.57,99.67,32.12,39.86,1.16,0.67,99.9,93.35,86.48
Germany,DEU,Europe & Central Asia,High Income,2023,93.94,90.32,95.88,124.99,51.03,164.79,147.55,99.9,43.45,39.17,1.15,0.9,99.9,93.62,87.15
Germany,DEU,Europe & Central Asia,High Income,2024,98.1,92.64,98.56,126.26,51.86,174.83,154.62,99.9,51.51,38.11,0.9,0.47,99.9,93.74,87.82
Germany,DEU,Europe & Central Asia,High Income,2025,98.56,95.19,99.0,128.93,53.19,179.21,164.61,99.9,66.24,38.39,0.94,0.64,99.9,94.19,88.49
United Kingdom,GBR,Europe & Central Asia,High Income,2018,97.16,94.67,88.77,152.69,30.86,108.23,53.6,95.81,0.0,38.01,0.75,1.99,93.52,79.25,67.3
United Kingdom,GBR,Europe & Central Asia,High Income,2019,98.44,97.72,89.82,152.88,32.13,119.75,56.66,97.16,2.83,38.09,0.75,1.5,93.89,79.51,67.84
United Kingdom,GBR,Europe & Central Asia,High Income,2020,99.5,99.48,90.64,155.87,33.22,126.11,61.45,97.94,12.17,37.06,0.62,1.56,93.95,79.97,68.38
United Kingdom,GBR,Europe & Central Asia,High Income,2021,99.5,99.8,93.47,157.03,33.08,140.18,65.87,98.95,22.66,35.95,0.59,1.48,94.15,80.22,68.92
United Kingdom,GBR,Europe & Central Asia,High Income,2022,99.5,99.8,95.89,158.97,33.67,143.71,70.21,99.9,35.35,35.7,0.59,1.53,94.49,80.55,69.45
United Kingdom,GBR,Europe & Central Asia,High Income,2023,99.5,99.8,95.98,161.44,35.06,154.05,71.95,99.9,43.03,34.11,0.68,1.37,94.38,80.7,69.99
United Kingdom,GBR,Europe & Central Asia,High Income,2024,99.5,99.8,98.75,164.11,35.13,163.2,74.88,99.9,52.51,33.4,0.57,1.2,94.74,81.12,70.53
United Kingdom,GBR,Europe & Central Asia,High Income,2025,99.5,99.8,99.0,163.51,36.35,169.69,80.22,99.9,65.19,32.91,0.31,1.44,94.8,81.36,71.07
France,FRA,Europe & Central Asia,High Income,2018,89.87,83.99,92.8,119.5,49.59,209.97,69.03,94.65,0.0,54.13,1.57,1.66,97.65,74.01,67.8
France,FRA,Europe & Central Asia,High Income,2019,91.68,83.63,93.27,118.55,49.93,222.31,74.1,95.52,0.0,53.38,1.49,1.37,97.92,74.27,68.34
France,FRA,Europe & Central Asia,High Income,2020,93.82,85.91,95.07,121.86,51.66,243.0,77.96,95.69,12.14,51.48,1.38,1.62,98.13,74.59,68.88
France,FRA,Europe & Central Asia,High Income,2021,92.43,89.11,98.37,124.58,51.86,259.71,83.45,97.59,21.15,50.87,1.4,1.53,98.11,74.73,69.43
France,FRA,Europe & Central Asia,High Income,2022,96.54,90.9,97.18,125.09,52.32,281.86,86.04,98.9,32.88,49.62,1.44,1.25,98.45,75.23,69.97
France,FRA,Europe & Central Asia,High Income,2023,97.53,92.82,99.0,128.65,52.34,296.42,90.3,98.43,44.75,48.83,1.26,1.47,98.75,75.58,70.51
France,FRA,Europe & Central Asia,High Income,2024,97.98,,99.0,126.96,53.82,310.16,95.57,99.9,53.59,47.86,1.39,1.21,98.79,75.71,71.05
France,FRA,Europe & Central Asia,High Income,2025,99.5,96.34,99.0,131.21,54.55,329.34,100.79,99.9,64.99,44.71,1.08,1.27,99.19,75.98,71.6
Netherlands,NLD,Europe & Central Asia,High Income,2018,85.41,82.36,92.61,139.14,35.92,95.09,79.13,95.15,0.0,50.61,1.54,1.82,94.69,75.13,17.5
Netherlands,NLD,Europe & Central Asia,High Income,2019,88.75,86.17,95.87,139.84,37.59,103.65,81.6,96.79,0.55,50.86,1.51,1.65,95.04,75.41,17.64
Netherlands,NLD,Europe & Central Asia,High Income,2020,88.09,86.85,97.21,143.07,37.99,105.8,88.74,98.11,11.38,47.23,1.36,1.97,95.03,75.71,17.78
Netherlands,NLD,Europe & Central Asia,High Income,2021,91.96,89.2,97.59,145.76,38.65,116.18,93.32,99.9,21.4,48.8,1.41,1.73,95.32,75.9,17.92
Netherlands,NLD,Europe & Central Asia,High Income,2022,93.05,90.33,99.0,146.91,38.77,124.94,100.74,98.89,33.57,47.14,1.25,1.78,95.54,76.48,18.06
Netherlands,NLD,Europe & Central Asia,High Income,2023,92.95,90.24,99.0,149.58,39.69,130.42,103.16,99.9,44.01,46.12,1.21,1.59,95.64,76.75,18.2
Netherlands,NLD,Europe & Central Asia,High Income,2024,94.8,93.47,99.0,150.89,40.28,135.33,111.14,99.9,52.77,44.55,1.02,1.18,95.93,76.99,18.34
Netherlands,NLD,Europe & Central Asia,High Income,2025,97.64,93.84,99.0,153.38,40.82,145.98,113.63,99.9,66.03,43.8,1.16,1.47,96.09,77.18,18.48
Switzerland,CHE,Europe & Central Asia,High Income,2018,93.52,93.8,89.02,144.59,40.17,148.06,90.57,93.98,0.0,29.12,0.3,1.41,93.12,85.1,8.7
Switzerland,CHE,Europe & Central Asia,High Income,2019,93.87,94.9,88.7,146.8,40.52,164.52,92.16,96.0,2.68,26.34,0.43,1.57,93.31,85.42,8.77
Switzerland,CHE,Europe & Central Asia,High Income,2020,96.53,99.36,91.91,148.34,40.94,172.43,101.39,95.67,10.05,26.6,0.32,1.39,93.24,85.84,8.84
Switzerland,CHE,Europe & Central Asia,High Income,2021,98.95,99.65,92.05,152.24,42.17,184.94,107.49,97.35,17.83,26.9,0.3,1.54,93.75,86.1,8.91
Switzerland,CHE,Europe & Central Asia,High Income,2022,98.67,99.8,94.43,154.17,42.47,200.84,113.48,97.81,32.61,25.94,0.28,1.48,93.8,86.37,8.98
Switzerland,CHE,Europe & Central Asia,High Income,2023,99.5,99.8,97.59,154.5,43.39,208.9,119.2,99.9,44.54,27.11,0.4,1.3,94.19,86.77,9.05
Switzerland,CHE,Europe & Central Asia,High Income,2024,99.5,99.8,97.04,157.27,43.54,222.42,126.07,99.9,56.08,26.48,0.34,1.24,94.5,87.11,9.12
Switzerland,CHE,Europe & Central Asia,High Income,2025,99.5,99.8,99.0,157.23,43.77,230.55,132.85,99.9,63.26,24.77,0.28,1.08,94.63,87.29,9.19
Sweden,SWE,Europe & Central Asia,High Income,2018,97.35,85.4,85.78,145.16,34.01,97.46,75.1,94.59,0.0,56.73,1.89,1.22,98.69,92.98,10.4
Sweden,SWE,Europe & Central Asia,High Income,2019,98.58,86.95,88.48,146.47,35.15,102.61,81.99,95.63,0.13,55.4,1.86,1.51,98.8,93.16,10.48
Sweden,SWE,Europe & Central Asia,High Income,2020,99.5,90.24,88.13,149.26,35.9,108.58,86.12,97.68,9.8,53.79,1.74,1.18,99.1,93.6,10.57
Sweden,SWE,Europe & Central Asia,High Income,2021,99.5,91.65,90.81,152.58,37.08,122.04,91.46,97.14,20.89,54.65,1.63,1.29,99.28,93.68,10.65
Sweden,SWE,Europe & Central Asia,High Income,2022,99.5,92.88,93.46,152.34,36.71,128.63,98.78,99.29,32.68,52.94,1.44,1.44,99.54,93.99,10.73
Sweden,SWE,Europe & Central Asia,High Income,2023,99.5,93.13,94.21,153.74,38.3,134.76,103.27,99.9,46.66,52.46,1.51,1.09,99.9,94.31,10.82
Sweden,SWE,Europe & Central Asia,High Income,2024,99.5,95.48,95.89,153.94,38.62,136.24,107.85,99.9,55.52,50.9,1.46,1.25,99.79,94.68,10.9
Sweden,SWE,Europe & Central Asia,High Income,2025,99.5,97.3,97.06,159.25,38.73,146.01,112.77,99.9,66.62,48.95,1.31,1.05,99.9,94.86,10.98
Norway,NOR,Europe & Central Asia,High Income,2018,82.93,95.73,88.59,146.08,47.62,120.88,59.21,96.17,0.0,39.04,1.82,1.84,90.16,85.25,5.4
Norway,NOR,Europe & Central Asia,High Income,2019,85.46,97.58,89.04,147.82,48.06,134.48,62.39,96.81,0.0,39.13,1.63,1.68,90.15,85.39,5.44
Norway,NOR,Europe & Central Asia,High Income,2020,87.4,99.8,90.78,151.86,49.61,,66.87,97.05,14.41,38.29,1.44,1.46,90.43,85.96,5.49
Norway,NOR,Europe & Central Asia,High Income,2021,87.37,99.36,92.14,153.11,49.83,154.4,72.06,99.9,19.53,38.08,1.46,1.76,90.58,86.21,5.53
Norway,NOR,Europe & Central Asia,High Income,2022,88.31,99.8,94.35,153.98,50.47,164.87,76.76,99.61,32.3,35.96,1.51,1.76,90.88,86.41,5.57
Norway,NOR,Europe & Central Asia,High Income,2023,91.37,99.8,95.45,155.49,50.78,176.5,81.23,99.9,46.71,36.51,1.47,1.34,,86.76,5.62
Norway,NOR,Europe & Central Asia,High Income,2024,92.04,99.8,97.77,159.17,52.16,184.21,85.01,99.9,58.88,34.03,1.5,1.41,91.21,86.99,5.66
Norway,NOR,Europe & Central Asia,High Income,2025,94.48,99.8,99.0,159.9,52.14,194.1,90.7,99.9,62.89,34.11,1.35,1.28,91.39,87.34,5.7
Denmark,DNK,Europe & Central Asia,High Income,2018,88.96,85.38,80.79,127.97,49.16,161.78,97.58,98.22,0.0,37.22,2.13,2.17,92.51,84.87,5.8
Denmark,DNK,Europe & Central Asia,High Income,2019,88.87,,80.16,128.9,49.92,180.05,104.1,98.57,0.0,37.77,2.14,1.72,92.56,85.22,5.85
Denmark,DNK,Europe & Central Asia,High Income,2020,89.31,88.12,82.2,130.79,50.18,189.27,110.81,99.16,11.02,37.88,1.94,1.95,92.97,85.6,5.89
Denmark,DNK,Europe & Central Asia,High Income,2021,92.61,90.83,84.15,131.86,50.04,205.51,117.71,99.9,23.85,35.06,1.85,1.64,92.9,85.85,5.94
Denmark,DNK,Europe & Central Asia,High Income,2022,92.46,92.93,85.77,134.25,51.16,217.87,122.55,99.9,34.43,35.39,1.9,2.0,93.37,86.11,5.99
Denmark,DNK,Europe & Central Asia,High Income,2023,95.63,93.8,87.82,136.27,51.82,232.42,129.72,99.9,48.16,32.56,1.76,1.64,93.54,86.39,6.03
Denmark,DNK,Europe & Central Asia,High Income,2024,96.24,93.75,89.81,137.6,52.72,241.16,138.54,99.9,55.87,31.47,1.6,1.77,93.64,86.64,6.08
Denmark,DNK,Europe & Central Asia,High Income,2025,97.17,97.4,91.47,140.44,52.54,258.1,144.62,99.9,61.53,32.77,1.53,1.59,94.09,87.03,6.12
Finland,FIN,Europe & Central Asia,High Income,2018,85.04,86.55,78.57,141.45,40.25,89.62,74.23,99.52,0.0,32.66,0.59,1.31,99.74,78.24,5.5
Finland,FIN,Europe & Central Asia,High Income,2019,86.69,87.9,78.31,142.84,40.47,,79.05,99.29,2.31,,0.54,1.1,99.9,78.57,5.54
Finland,FIN,Europe & Central Asia,High Income,2020,88.24,90.21,81.65,141.09,41.39,105.2,87.23,99.9,13.93,31.6,0.69,1.21,99.9,78.85,5.59
Finland,FIN,Europe & Central Asia,High Income,2021,89.96,92.21,83.32,146.18,42.15,113.37,91.63,99.9,26.7,29.25,0.56,0.86,99.9,79.19,5.63
Finland,FIN,Europe & Central Asia,High Income,2022,92.84,92.31,86.89,146.01,42.48,119.14,97.64,99.9,33.89,29.79,0.43,0.93,99.9,79.59,5.68
Finland,FIN,Europe & Central Asia,High Income,2023,94.03,93.97,86.07,148.11,42.6,128.16,100.91,99.9,42.81,29.96,0.47,0.97,99.9,79.79,5.72
Finland,FIN,Europe & Central Asia,High Income,2024,93.83,96.76,88.6,149.58,43.79,135.23,104.53,99.9,52.96,30.13,0.42,1.13,99.9,80.1,5.76
Finland,FIN,Europe & Central Asia,High Income,2025,95.75,98.42,91.12,151.32,43.46,141.17,112.68,99.9,65.98,28.18,0.26,0.87,99.9,80.2,5.81
Estonia,EST,Europe & Central Asia,High Income,2018,92.65,94.82,82.19,143.93,37.03,158.7,109.06,96.64,0.0,29.41,1.82,1.06,91.73,73.1,1.3
Estonia,EST,Europe & Central Asia,High Income,2019,94.01,95.3,82.55,146.84,37.5,177.32,115.68,97.94,2.36,27.98,1.76,1.16,91.93,73.33,1.31
Estonia,EST,Europe & Central Asia,High Income,2020,95.94,98.12,85.72,147.39,37.83,189.41,124.12,98.06,9.43,27.95,1.75,1.06,92.3,73.78,1.32
Estonia,EST,Europe & Central Asia,High Income,2021,96.09,99.46,86.95,148.98,39.51,206.66,131.52,99.9,23.83,25.09,1.81,1.03,92.37,74.02,1.33
Estonia,EST,Europe & Central Asia,High Income,2022,96.79,99.57,89.23,152.62,39.89,217.54,134.44,99.9,34.07,25.65,1.58,0.84,92.61,74.27,1.34
Estonia,EST,Europe & Central Asia,High Income,2023,97.77,99.8,89.67,153.39,40.39,236.12,146.82,99.9,44.0,25.5,1.45,0.93,92.82,74.47,1.35
Estonia,EST,Europe & Central Asia,High Income,2024,99.5,99.8,92.32,155.06,41.02,242.45,153.36,99.9,55.51,25.3,1.34,0.99,93.22,74.95,1.36
Estonia,EST,Europe & Central Asia,High Income,2025,99.5,99.8,93.74,158.57,41.29,250.37,159.79,99.9,64.48,24.24,1.33,0.87,93.52,75.17,1.37
Spain,ESP,Europe & Central Asia,High Income,2018,89.15,91.51,77.53,135.14,34.28,173.56,66.02,98.72,0.0,38.61,2.03,0.86,93.29,74.82,47.4
Spain,ESP,Europe & Central Asia,High Income,2019,91.8,94.41,79.45,137.68,35.82,187.78,71.53,99.57,0.0,38.63,2.06,0.9,93.53,75.11,47.78
Spain,ESP,Europe & Central Asia,High Income,2020,93.66,96.07,84.19,138.31,35.39,198.25,76.31,99.9,12.31,35.98,2.07,0.66,93.69,75.46,48.16
Spain,ESP,Europe & Central Asia,High Income,2021,95.62,98.81,82.76,142.52,36.12,215.3,80.21,99.9,17.95,36.87,1.8,0.62,94.05,75.93,48.54
Spain,ESP,Europe & Central Asia,High Income,2022,98.08,99.0,83.2,141.27,37.02,219.64,83.98,99.9,32.64,35.06,1.65,0.62,93.97,76.1,48.92
Spain,ESP,Europe & Central Asia,High Income,2023,97.73,99.8,87.72,143.14,38.33,235.99,88.89,99.9,48.89,34.25,1.52,0.82,94.29,76.42,49.3
Spain,ESP,Europe & Central Asia,High Income,2024,98.68,99.8,87.96,145.47,38.53,251.14,91.07,99.9,55.37,35.02,1.59,0.46,94.56,76.81,49.68
Spain,ESP,Europe & Central Asia,High Income,2025,99.5,99.8,88.96,148.29,39.21,264.65,97.83,99.9,68.19,33.49,1.44,0.69,94.83,76.99,50.05
Italy,ITA,Europe & Central Asia,High Income,2018,98.73,96.44,82.78,141.97,46.9,153.11,96.96,95.93,0.0,28.12,1.92,1.66,96.42,80.83,59.1
Italy,ITA,Europe & Central Asia,High Income,2019,98.64,97.22,82.83,143.59,47.43,168.26,103.83,97.19,0.43,28.69,1.97,1.57,96.64,81.12,59.57
Italy,ITA,Europe & Central Asia,High Income,2020,99.5,99.8,87.84,146.68,47.77,173.21,111.5,97.07,11.47,26.16,1.83,1.66,96.61,81.37,60.05
Italy,ITA,Europe & Central Asia,High Income,2021,99.11,98.83,87.25,146.56,48.22,190.81,118.19,98.5,20.53,27.37,1.78,1.77,96.87,81.88,60.52
Italy,ITA,Europe & Central Asia,High Income,2022,99.5,99.8,89.51,148.98,48.8,202.08,123.8,98.95,33.2,25.11,1.83,1.23,97.04,82.02,60.99
Italy,ITA,Europe & Central Asia,High Income,2023,99.5,99.8,90.52,151.14,49.76,211.51,135.03,99.89,41.38,25.83,1.58,1.5,97.33,82.19,61.46
Italy,ITA,Europe & Central Asia,High Income,2024,99.5,99.8,93.51,153.64,50.06,227.74,139.03,99.9,54.27,24.67,1.44,1.19,97.58,82.63,61.94
Italy,ITA,Europe & Central Asia,High Income,2025,99.5,99.8,93.94,155.64,50.08,237.06,144.9,99.9,62.53,23.36,1.46,1.85,97.53,82.8,62.41
Portugal,PRT,Europe & Central Asia,High Income,2018,85.87,92.41,94.63,151.22,46.31,169.42,58.57,94.8,0.0,58.4,1.42,0.42,91.19,89.13,10.3
Portugal,PRT,Europe & Central Asia,High Income,2019,87.32,94.52,96.18,151.19,46.22,178.12,60.53,95.92,1.71,57.02,1.44,0.3,91.2,89.56,10.38
Portugal,PRT,Europe & Central Asia,High Income,2020,90.52,97.32,99.0,153.56,46.86,,64.95,96.48,9.74,53.59,1.38,0.3,91.25,90.0,10.46
Portugal,PRT,Europe & Central Asia,High Income,2021,89.41,98.23,98.25,154.01,47.93,207.54,69.53,98.55,25.81,53.67,1.32,0.5,91.67,90.12,10.55
Portugal,PRT,Europe & Central Asia,High Income,2022,91.84,99.55,99.0,159.06,47.54,220.62,74.64,99.43,31.39,50.58,1.26,0.48,91.91,90.4,10.63
Portugal,PRT,Europe & Central Asia,High Income,2023,93.9,99.8,99.0,158.5,48.81,236.89,77.75,99.08,42.63,49.38,1.26,0.55,91.95,90.64,10.71
Portugal,PRT,Europe & Central Asia,High Income,2024,95.16,99.8,99.0,160.45,48.59,240.91,81.73,99.9,54.42,49.31,1.18,0.33,92.17,91.11,10.79
Portugal,PRT,Europe & Central Asia,High Income,2025,96.91,99.8,99.0,164.56,50.69,258.86,84.53,99.9,67.98,48.05,1.04,0.46,92.52,91.41,10.88
Ireland,IRL,Europe & Central Asia,High Income,2018,80.62,84.21,88.86,144.06,43.26,111.65,113.85,96.48,0.0,36.11,1.8,1.53,98.37,88.99,5.0
Ireland,IRL,Europe & Central Asia,High Income,2019,83.09,85.52,91.65,144.93,43.79,121.16,122.46,96.68,1.87,34.88,1.76,1.48,98.67,89.38,5.04
Ireland,IRL,Europe & Central Asia,High Income,2020,83.01,86.37,91.64,147.47,43.95,129.4,129.71,97.41,10.47,34.88,1.6,1.18,98.68,89.48,5.08
Ireland,IRL,Europe & Central Asia,High Income,2021,85.67,88.64,93.11,148.33,44.61,137.39,140.15,99.24,21.24,34.61,1.47,1.19,99.19,89.87,5.12
Ireland,IRL,Europe & Central Asia,High Income,2022,87.34,91.52,92.89,149.87,45.45,148.94,146.79,98.55,32.18,33.86,1.5,1.32,99.18,90.29,5.16
Ireland,IRL,Europe & Central Asia,High Income,2023,86.94,91.66,94.99,153.42,46.36,158.11,153.49,99.9,46.19,34.27,1.33,1.42,99.41,90.58,5.2
Ireland,IRL,Europe & Central Asia,High Income,2024,89.7,94.62,96.73,153.82,46.41,164.71,161.4,99.9,57.06,31.17,1.24,1.24,99.47,90.85,5.24
Ireland,IRL,Europe & Central Asia,High Income,2025,89.93,95.15,99.0,154.41,47.11,175.99,168.73,99.9,65.02,30.99,1.26,1.03,99.84,91.24,5.28
Belgium,BEL,Europe & Central Asia,High Income,2018,90.18,83.21,84.69,127.49,34.91,202.98,84.31,98.75,0.0,45.92,1.88,0.92,95.76,84.74,11.6
Belgium,BEL,Europe & Central Asia,High Income,2019,92.76,84.95,86.84,128.97,35.55,218.22,91.09,99.82,0.0,46.07,1.73,1.28,95.97,85.09,11.69
Belgium,BEL,Europe & Central Asia,High Income,2020,94.38,86.3,89.11,127.44,35.93,237.39,97.67,99.9,8.5,44.32,1.55,1.38,96.14,85.32,11.79
Belgium,BEL,Europe & Central Asia,High Income,2021,94.4,87.84,88.74,129.78,37.15,262.89,102.13,99.9,21.03,44.69,1.71,1.12,96.28,85.77,11.88
Belgium,BEL,Europe & Central Asia,High Income,2022,96.07,89.05,90.37,131.15,37.07,275.83,108.01,99.9,33.95,43.15,1.57,0.98,96.61,86.02,11.97
Belgium,BEL,Europe & Central Asia,High Income,2023,97.74,91.44,93.07,135.32,38.41,295.58,115.72,99.9,45.24,43.59,1.43,0.82,96.79,86.24,12.06
Belgium,BEL,Europe & Central Asia,High Income,2024,99.43,92.83,93.96,132.93,38.76,307.79,123.05,99.9,53.92,42.29,1.47,1.0,97.03,86.56,12.16
Belgium,BEL,Europe & Central Asia,High Income,2025,99.5,95.06,95.91,139.52,39.03,323.08,126.55,99.9,64.52,41.53,1.21,1.06,97.14,87.04,12.25
Austria,AUT,Europe & Central Asia,High Income,2018,83.26,94.72,82.08,112.87,42.93,107.35,133.42,99.9,0.0,56.19,0.99,0.64,99.07,83.15,9.0
Austria,AUT,Europe & Central Asia,High Income,2019,84.74,96.67,85.63,115.54,43.86,115.44,144.3,99.9,0.0,54.56,1.08,0.68,99.38,83.5,9.07
Austria,AUT,Europe & Central Asia,High Income,2020,86.31,96.35,86.58,118.12,44.01,125.0,155.7,99.9,12.04,55.24,0.77,0.55,99.68,83.78,9.14
Austria,AUT,Europe & Central Asia,High Income,2021,88.13,96.91,88.15,120.93,44.43,137.86,164.42,99.9,22.69,54.77,0.76,0.49,99.8,83.93,9.22
Austria,AUT,Europe & Central Asia,High Income,2022,90.82,99.76,92.01,120.7,45.45,140.68,172.45,99.9,34.01,52.36,0.78,0.35,99.9,84.37,9.29
Austria,AUT,Europe & Central Asia,High Income,2023,90.43,99.8,91.57,126.39,45.57,150.83,181.11,99.9,43.54,51.34,0.78,0.43,99.9,84.82,9.36
Austria,AUT,Europe & Central Asia,High Income,2024,91.33,99.8,92.94,125.91,46.27,161.24,191.23,99.9,53.65,51.12,0.75,0.35,99.9,84.93,9.43
Austria,AUT,Europe & Central Asia,High Income,2025,95.35,99.8,93.44,128.24,46.78,170.24,200.22,99.9,68.03,48.19,0.8,0.3,99.9,85.36,9.5
Poland,POL,Europe & Central Asia,High Income,2018,96.45,98.09,93.3,127.89,38.58,187.24,77.05,95.12,0.0,45.4,2.0,1.55,95.78,74.4,37.7
Poland,POL,Europe & Central Asia,High Income,2019,99.06,99.62,95.27,127.37,38.1,207.72,84.41,96.5,0.5,44.25,1.96,1.38,95.92,74.92,38.0
Poland,POL,Europe & Central Asia,High Income,2020,99.5,99.8,96.91,128.79,38.86,219.92,88.11,96.94,10.42,42.42,1.88,1.67,96.01,75.13,38.3
Poland,POL,Europe & Central Asia,High Income,2021,99.5,99.8,98.36,131.15,39.42,237.24,94.8,98.1,22.33,42.15,1.87,1.38,96.15,75.33,38.6
Poland,POL,Europe & Central Asia,High Income,2022,99.5,99.8,99.0,133.23,39.71,252.89,101.96,98.7,35.11,40.78,1.69,1.19,96.38,75.84,38.91
Poland,POL,Europe & Central Asia,High Income,2023,99.5,99.8,99.0,135.39,40.19,273.85,104.62,98.99,44.24,39.53,1.8,1.46,96.81,75.97,39.21
Poland,POL,Europe & Central Asia,High Income,2024,99.5,99.8,99.0,137.53,41.33,270.85,111.81,99.9,57.68,39.44,1.57,1.43,96.61,76.29,39.51
Poland,POL,Europe & Central Asia,High Income,2025,99.5,99.8,99.0,139.76,41.99,300.75,114.76,99.9,68.29,38.18,1.42,1.13,97.0,76.57,39.81
Czech Republic,CZE,Europe & Central Asia,High Income,2018,90.55,97.41,80.89,135.52,47.02,181.5,112.61,98.73,0.0,36.8,0.94,1.7,97.91,94.44,10.5
Czech Republic,CZE,Europe & Central Asia,High Income,2019,93.8,98.56,85.08,138.61,48.05,190.83,121.5,99.55,0.37,36.84,0.87,1.4,98.18,94.71,10.58
Czech Republic,CZE,Europe & Central Asia,High Income,2020,92.96,99.8,84.12,139.09,48.28,201.14,128.6,99.8,10.48,35.95,0.82,1.74,98.43,95.12,10.67
Czech Republic,CZE,Europe & Central Asia,High Income,2021,94.26,99.8,86.29,143.52,50.26,217.2,136.0,99.9,21.92,35.52,0.63,1.58,98.81,95.55,10.75
Czech Republic,CZE,Europe & Central Asia,High Income,2022,96.01,99.8,85.23,142.83,50.55,234.01,145.94,99.9,31.91,33.97,0.66,1.25,98.82,95.51,10.84
Czech Republic,CZE,Europe & Central Asia,High Income,2023,99.1,99.8,89.11,146.69,50.8,247.46,151.9,99.9,42.2,33.52,0.73,1.34,98.9,95.89,10.92
Czech Republic,CZE,Europe & Central Asia,High Income,2024,99.5,99.8,89.45,144.65,50.66,267.86,157.69,99.9,53.83,32.02,0.48,1.45,99.22,96.41,11.0
Czech Republic,CZE,Europe & Central Asia,High Income,2025,99.5,99.8,91.22,148.51,51.48,277.59,168.79,99.9,68.41,31.97,0.59,1.27,99.31,96.71,11.09
Greece,GRC,Europe & Central Asia,High Income,2018,96.44,90.16,87.02,148.91,42.71,170.7,120.13,99.43,0.0,36.78,0.92,0.51,95.88,72.94,10.4
Greece,GRC,Europe & Central Asia,High Income,2019,99.08,90.95,88.35,148.53,42.91,185.19,131.39,99.9,1.87,35.62,0.94,0.35,96.02,73.32,10.48
Greece,GRC,Europe & Central Asia,High Income,2020,99.5,94.86,90.44,148.41,44.54,201.29,138.85,99.9,11.65,37.18,0.78,0.59,96.13,73.43,10.57
Greece,GRC,Europe & Central Asia,High Income,2021,99.5,94.52,91.12,152.71,45.06,213.06,146.67,99.9,24.07,34.98,1.04,0.73,96.5,73.64,10.65
Greece,GRC,Europe & Central Asia,High Income,2022,99.5,95.86,94.01,151.96,45.56,,155.07,99.9,33.16,34.73,0.77,0.55,96.61,74.16,10.73
Greece,GRC,Europe & Central Asia,High Income,2023,99.5,97.67,95.91,155.75,46.45,245.38,163.44,99.9,42.19,33.9,0.7,0.73,96.76,74.42,10.82
Greece,GRC,Europe & Central Asia,High Income,2024,99.5,99.8,97.45,156.69,46.38,256.86,174.0,99.9,54.25,33.89,0.76,0.43,97.0,74.73,10.9
Greece,GRC,Europe & Central Asia,High Income,2025,99.5,99.8,98.13,159.81,46.32,271.58,182.57,99.9,64.02,32.41,0.67,0.45,97.09,75.04,10.98
Hungary,HUN,Europe & Central Asia,High Income,2018,88.53,91.72,82.71,138.54,31.01,90.98,123.47,95.22,0.0,29.7,1.17,1.62,92.25,88.24,9.7
Hungary,HUN,Europe & Central Asia,High Income,2019,89.12,90.71,84.55,139.84,31.02,97.33,131.97,97.18,0.0,28.43,1.32,1.77,92.17,88.55,9.78
Hungary,HUN,Europe & Central Asia,High Income,2020,92.15,93.35,87.41,141.19,31.67,106.8,140.43,97.44,11.93,29.76,1.29,1.66,92.63,88.85,9.86
Hungary,HUN,Europe & Central Asia,High Income,2021,91.9,95.69,88.16,144.13,32.23,113.33,149.1,98.8,20.69,28.37,1.14,1.44,92.7,89.1,9.93
Hungary,HUN,Europe & Central Asia,High Income,2022,95.33,97.79,89.41,147.59,33.23,115.79,156.53,99.9,32.91,26.27,1.0,1.59,92.74,89.42,10.01
Hungary,HUN,Europe & Central Asia,High Income,2023,95.6,98.74,90.69,147.57,33.81,126.48,167.9,99.9,42.82,26.04,1.01,1.61,93.1,89.6,10.09
Hungary,HUN,Europe & Central Asia,High Income,2024,96.51,99.8,93.58,150.67,34.8,136.27,176.0,99.9,55.51,26.79,1.08,1.19,93.42,89.98,10.17
Hungary,HUN,Europe & Central Asia,High Income,2025,98.98,99.8,93.52,149.17,34.04,141.98,183.88,99.9,65.77,24.62,1.0,1.29,93.51,90.31,10.24
Romania,ROU,Europe & Central Asia,Upper-Middle Income,2018,61.1,64.59,72.6,115.58,27.35,94.36,77.28,90.21,0.0,27.76,2.91,2.3,87.39,54.44,19.0
Romania,ROU,Europe & Central Asia,Upper-Middle Income,2019,61.78,65.56,75.05,117.43,27.87,100.59,83.91,89.93,0.0,28.1,2.9,2.13,87.6,54.81,19.15
Romania,ROU,Europe & Central Asia,Upper-Middle Income,2020,63.01,66.15,76.86,119.72,28.73,110.1,89.75,92.29,0.0,27.27,2.74,2.3,87.72,55.09,19.3
Romania,ROU,Europe & Central Asia,Upper-Middle Income,2021,64.57,68.88,78.37,122.3,29.15,119.0,95.56,93.27,3.78,26.37,2.72,1.92,88.0,55.34,19.46
Romania,ROU,Europe & Central Asia,Upper-Middle Income,2022,66.52,69.63,81.54,121.77,30.04,120.8,103.52,93.08,12.01,28.04,2.41,2.21,88.22,55.76,19.61
Romania,ROU,Europe & Central Asia,Upper-Middle Income,2023,67.91,71.48,80.6,123.88,30.95,131.4,105.83,93.87,20.92,,2.34,1.68,88.59,56.01,19.76
Romania,ROU,Europe & Central Asia,Upper-Middle Income,2024,68.79,74.14,83.29,125.77,32.13,143.43,110.17,95.4,23.74,25.85,2.21,2.16,88.72,56.22,19.91
Romania,ROU,Europe & Central Asia,Upper-Middle Income,2025,70.55,73.57,87.17,127.02,31.95,145.64,115.94,96.35,30.6,25.42,1.9,1.58,88.96,56.54,20.06
Bulgaria,BGR,Europe & Central Asia,Upper-Middle Income,2018,59.3,85.9,81.11,123.17,23.99,49.88,35.19,86.04,0.0,36.28,2.65,3.17,84.69,82.43,6.8
Bulgaria,BGR,Europe & Central Asia,Upper-Middle Income,2019,59.61,86.56,82.08,123.12,23.77,56.47,36.87,87.08,0.0,35.7,2.54,3.12,85.08,82.85,6.85
Bulgaria,BGR,Europe & Central Asia,Upper-Middle Income,2020,63.05,88.8,84.35,126.21,24.34,60.57,42.12,87.58,0.0,35.46,2.56,3.09,85.13,83.17,6.91
Bulgaria,BGR,Europe & Central Asia,Upper-Middle Income,2021,64.98,89.33,85.48,127.37,25.96,63.94,45.63,88.75,4.56,33.36,2.37,2.82,85.39,83.46,6.96
Bulgaria,BGR,Europe & Central Asia,Upper-Middle Income,2022,64.28,92.16,86.58,125.41,25.81,69.11,46.71,90.7,15.04,32.42,2.2,2.98,85.52,83.79,7.02
Bulgaria,BGR,Europe & Central Asia,Upper-Middle Income,2023,65.34,93.75,87.93,131.72,25.86,75.8,47.62,90.66,19.53,31.68,2.08,2.86,85.67,84.02,7.07
Bulgaria,BGR,Europe & Central Asia,Upper-Middle Income,2024,67.75,94.64,91.03,132.79,27.22,81.46,50.92,89.54,22.77,32.1,2.05,2.64,86.08,84.35,7.13
Bulgaria,BGR,Europe & Central Asia,Upper-Middle Income,2025,68.97,95.53,92.68,133.65,27.44,79.89,53.22,91.37,29.42,30.38,1.93,2.92,86.34,84.6,7.18
Croatia,HRV,Europe & Central Asia,High Income,2018,93.07,89.64,87.72,133.68,34.85,130.5,117.09,94.05,0.0,28.79,0.33,0.73,98.33,90.32,3.9
Croatia,HRV,Europe & Central Asia,High Income,2019,94.42,93.05,89.72,134.97,35.54,138.27,127.3,94.97,0.0,28.75,0.45,0.74,98.63,90.61,3.93
Croatia,HRV,Europe & Central Asia,High Income,2020,95.65,93.66,91.57,133.65,36.25,155.99,134.52,95.56,11.37,28.37,0.34,0.74,98.79,90.87,3.96
Croatia,HRV,Europe & Central Asia,High Income,2021,97.89,94.65,96.15,136.9,36.8,162.45,142.27,97.12,20.65,27.65,0.32,0.55,98.96,91.13,3.99
Croatia,HRV,Europe & Central Asia,High Income,2022,96.88,96.57,94.75,139.17,37.37,171.82,154.42,98.77,32.09,26.34,0.39,0.3,99.24,91.48,4.02
Croatia,HRV,Europe & Central Asia,High Income,2023,99.5,98.57,97.82,139.83,38.44,183.58,159.78,99.32,43.07,25.66,0.28,0.55,99.49,91.76,4.06
Croatia,HRV,Europe & Central Asia,High Income,2024,99.5,99.8,98.21,140.56,38.55,190.13,167.55,99.5,57.42,25.05,0.26,0.52,99.53,91.98,4.09
Croatia,HRV,Europe & Central Asia,High Income,2025,99.5,99.8,99.0,144.05,38.8,201.7,177.73,99.9,66.23,25.68,0.25,0.3,99.9,92.48,4.12
Serbia,SRB,Europe & Central Asia,Upper-Middle Income,2018,70.63,63.86,73.84,113.33,18.66,73.59,49.51,91.15,0.0,37.72,0.76,2.44,90.54,68.1,6.8
Serbia,SRB,Europe & Central Asia,Upper-Middle Income,2019,72.48,66.63,74.82,113.72,19.61,80.34,52.36,91.86,0.0,37.03,0.77,2.35,90.7,68.5,6.85
Serbia,SRB,Europe & Central Asia,Upper-Middle Income,2020,72.87,68.71,77.64,115.48,20.51,84.63,57.38,92.84,0.0,36.81,0.85,2.39,91.09,68.69,6.91
Serbia,SRB,Europe & Central Asia,Upper-Middle Income,2021,74.96,68.67,78.17,117.29,20.79,91.28,59.22,93.37,7.55,34.96,0.67,1.86,91.18,69.11,6.96
Serbia,SRB,Europe & Central Asia,Upper-Middle Income,2022,76.16,68.31,78.39,120.93,22.33,95.24,61.25,94.05,12.22,34.98,0.84,2.36,91.45,69.27,7.02
Serbia,SRB,Europe & Central Asia,Upper-Middle Income,2023,78.05,72.83,81.1,118.47,22.24,105.44,63.82,95.66,16.94,34.42,0.65,1.93,91.54,69.53,7.07
Serbia,SRB,Europe & Central Asia,Upper-Middle Income,2024,79.42,75.13,82.93,122.77,22.74,109.28,68.52,96.64,25.18,33.35,0.63,2.13,91.91,69.9,7.13
Serbia,SRB,Europe & Central Asia,Upper-Middle Income,2025,79.43,75.08,82.01,122.95,22.59,115.25,72.61,96.86,30.74,33.28,0.64,1.96,92.06,70.27,7.18
Turkey,TUR,Europe & Central Asia,Upper-Middle Income,2018,79.95,76.39,66.28,97.5,27.21,43.74,57.45,95.24,0.0,,1.75,3.23,87.61,69.41,85.3
Turkey,TUR,Europe & Central Asia,Upper-Middle Income,2019,81.96,78.71,66.97,96.44,28.46,45.85,60.17,96.73,0.0,35.08,1.61,3.07,87.8,69.66,85.98
Turkey,TUR,Europe & Central Asia,Upper-Middle Income,2020,83.55,81.0,68.3,98.57,28.59,45.92,65.72,97.7,2.38,35.19,1.77,3.06,88.36,70.22,86.66
Turkey,TUR,Europe & Central Asia,Upper-Middle Income,2021,84.4,81.74,70.5,100.48,29.07,52.16,72.18,98.27,6.94,33.72,1.61,2.76,88.34,70.35,87.35
Turkey,TUR,Europe & Central Asia,Upper-Middle Income,2022,86.2,83.88,72.56,101.51,29.99,53.69,75.68,99.88,12.72,34.07,1.5,2.97,88.6,70.58,88.03
Turkey,TUR,Europe & Central Asia,Upper-Middle Income,2023,89.7,85.48,74.48,104.02,30.07,54.74,79.82,99.9,16.9,31.18,1.4,2.61,88.73,71.01,88.71
Turkey,TUR,Europe & Central Asia,Upper-Middle Income,2024,89.73,87.78,75.17,106.0,31.37,62.39,83.06,99.9,24.87,31.42,1.32,2.57,89.05,71.21,89.39
Turkey,TUR,Europe & Central Asia,Upper-Middle Income,2025,90.82,89.68,77.74,106.22,31.72,67.95,85.64,99.9,29.94,29.65,1.3,2.43,89.07,71.56,90.08
Kazakhstan,KAZ,Europe & Central Asia,Upper-Middle Income,2018,84.04,71.28,81.82,132.62,19.13,43.75,31.86,82.41,0.0,23.74,2.53,1.38,85.53,79.16,19.6
Kazakhstan,KAZ,Europe & Central Asia,Upper-Middle Income,2019,83.66,71.69,82.99,133.92,20.2,49.59,34.82,82.77,0.0,20.23,2.49,1.86,85.53,79.21,19.76
Kazakhstan,KAZ,Europe & Central Asia,Upper-Middle Income,2020,85.12,74.25,86.8,134.34,21.12,57.24,35.84,84.99,0.16,22.85,2.46,1.6,85.9,79.6,19.91
Kazakhstan,KAZ,Europe & Central Asia,Upper-Middle Income,2021,86.11,76.3,87.91,133.53,21.09,57.2,39.73,83.73,7.98,21.42,2.33,1.47,86.08,80.08,20.07
Kazakhstan,KAZ,Europe & Central Asia,Upper-Middle Income,2022,88.61,76.68,91.54,138.6,22.19,60.31,41.59,86.36,14.37,20.59,2.19,1.71,86.19,80.28,20.23
Kazakhstan,KAZ,Europe & Central Asia,Upper-Middle Income,2023,90.45,79.9,91.28,140.91,22.31,61.93,43.04,86.95,16.78,,2.14,1.18,86.23,80.48,20.38
Kazakhstan,KAZ,Europe & Central Asia,Upper-Middle Income,2024,90.98,,92.58,142.29,22.98,65.53,46.48,88.7,24.54,20.7,2.01,1.15,86.83,80.87,20.54
Kazakhstan,KAZ,Europe & Central Asia,Upper-Middle Income,2025,94.0,81.55,95.39,141.03,24.0,68.32,49.86,90.07,31.23,20.45,1.97,1.26,86.88,81.0,20.7
Uzbekistan,UZB,Europe & Central Asia,Lower-Middle Income,2018,32.26,58.39,50.08,77.4,15.45,40.37,41.54,81.27,0.0,36.23,2.11,3.92,82.23,59.51,35.6
Uzbekistan,UZB,Europe & Central Asia,Lower-Middle Income,2019,32.91,61.23,49.31,78.31,16.3,43.98,43.54,82.5,0.0,36.23,2.06,3.87,82.46,59.82,35.88
Uzbekistan,UZB,Europe & Central Asia,Lower-Middle Income,2020,33.89,63.22,52.42,80.11,15.95,45.69,46.61,82.93,0.0,36.14,1.9,3.96,82.64,59.97,36.17
Uzbekistan,UZB,Europe & Central Asia,Lower-Middle Income,2021,37.89,64.5,52.23,83.33,16.59,51.85,49.82,84.02,0.0,35.17,1.59,3.94,82.78,60.37,36.45
Uzbekistan,UZB,Europe & Central Asia,Lower-Middle Income,2022,38.99,65.79,53.71,83.51,16.76,54.14,52.39,84.7,2.83,33.75,1.76,3.28,82.94,60.68,36.74
Uzbekistan,UZB,Europe & Central Asia,Lower-Middle Income,2023,39.79,69.01,56.28,85.59,18.72,55.99,55.02,86.02,6.9,33.56,1.7,3.44,83.32,60.99,37.02
Uzbekistan,UZB,Europe & Central Asia,Lower-Middle Income,2024,41.36,69.25,57.26,87.05,18.34,59.57,58.96,86.9,7.49,34.21,1.53,3.56,83.32,61.27,37.31
Uzbekistan,UZB,Europe & Central Asia,Lower-Middle Income,2025,43.34,71.07,59.21,88.3,18.72,64.54,59.89,88.11,11.61,31.89,1.47,3.41,83.63,61.43,37.59
Ukraine,UKR,Europe & Central Asia,Lower-Middle Income,2018,63.09,47.83,50.39,102.3,9.03,54.13,40.55,72.57,0.0,35.21,3.77,3.86,,48.99,38.0
Ukraine,UKR,Europe & Central Asia,Lower-Middle Income,2019,63.78,49.03,52.79,105.29,9.01,55.36,42.62,73.58,0.0,34.48,3.77,3.67,86.65,49.53,38.3
Ukraine,UKR,Europe & Central Asia,Lower-Middle Income,2020,67.57,50.24,53.99,108.26,11.06,59.86,47.6,75.06,0.0,33.41,3.54,3.48,86.77,49.91,38.61
Ukraine,UKR,Europe & Central Asia,Lower-Middle Income,2021,68.75,52.84,56.45,107.75,11.04,65.26,49.63,75.98,0.0,32.36,3.59,3.09,87.09,50.16,38.91
Ukraine,UKR,Europe & Central Asia,Lower-Middle Income,2022,70.13,53.42,56.54,111.42,12.42,67.51,50.29,77.07,2.36,32.8,3.47,2.96,87.33,50.35,39.22
Ukraine,UKR,Europe & Central Asia,Lower-Middle Income,2023,71.91,55.26,59.82,112.4,12.2,70.74,53.36,78.09,5.05,31.34,3.36,3.31,87.34,50.73,39.52
Ukraine,UKR,Europe & Central Asia,Lower-Middle Income,2024,72.94,56.21,60.33,115.33,13.3,73.64,56.87,78.69,7.97,31.95,3.06,2.86,87.53,51.02,39.82
Ukraine,UKR,Europe & Central Asia,Lower-Middle Income,2025,74.41,59.47,63.07,117.22,13.42,81.28,60.48,80.23,11.51,29.81,2.94,2.72,87.64,51.45,40.13
Georgia,GEO,Europe & Central Asia,Upper-Middle Income,2018,80.72,67.7,82.57,109.51,16.85,106.96,34.49,86.03,0.0,47.45,3.36,3.16,90.75,66.2,3.7
Georgia,GEO,Europe & Central Asia,Upper-Middle Income,2019,80.0,70.76,82.27,112.96,16.89,116.07,35.44,87.21,0.0,45.74,3.13,2.96,90.89,66.56,3.73
Georgia,GEO,Europe & Central Asia,Upper-Middle Income,2020,82.99,72.71,85.81,110.81,17.73,127.08,36.32,89.2,0.0,45.94,3.27,2.83,90.99,67.03,3.76
Georgia,GEO,Europe & Central Asia,Upper-Middle Income,2021,83.77,73.76,87.76,114.52,17.42,135.85,40.21,89.28,8.43,43.31,2.94,2.89,91.35,67.14,3.79
Georgia,GEO,Europe & Central Asia,Upper-Middle Income,2022,86.22,76.15,88.44,114.68,18.5,143.51,40.98,90.45,10.6,41.93,2.82,2.71,91.74,67.51,3.82
Georgia,GEO,Europe & Central Asia,Upper-Middle Income,2023,87.47,77.86,91.28,119.07,19.34,148.2,44.45,91.4,19.43,42.6,2.67,2.37,91.87,67.9,3.85
Georgia,GEO,Europe & Central Asia,Upper-Middle Income,2024,88.47,80.1,89.78,119.06,20.43,161.59,48.63,91.74,25.61,41.82,2.42,2.46,91.93,68.02,3.88
Georgia,GEO,Europe & Central Asia,Upper-Middle Income,2025,89.61,80.83,93.4,121.32,20.11,170.93,46.89,93.48,32.08,39.72,2.36,2.52,92.16,68.51,3.91
Azerbaijan,AZE,Europe & Central Asia,Upper-Middle Income,2018,66.58,71.55,77.96,120.11,30.43,94.83,31.44,89.0,0.0,21.49,2.28,2.7,94.98,63.18,10.1
Azerbaijan,AZE,Europe & Central Asia,Upper-Middle Income,2019,65.84,71.1,79.52,125.51,30.55,102.48,35.07,90.63,0.0,22.78,2.17,2.63,95.24,63.5,10.18
Azerbaijan,AZE,Europe & Central Asia,Upper-Middle Income,2020,68.65,73.18,79.74,127.86,30.64,115.62,40.15,90.59,0.56,21.43,2.16,2.49,95.31,63.85,10.26
Azerbaijan,AZE,Europe & Central Asia,Upper-Middle Income,2021,70.05,74.76,82.11,130.14,31.96,123.21,39.28,92.31,5.06,20.37,1.84,2.39,95.75,64.05,10.34
Azerbaijan,AZE,Europe & Central Asia,Upper-Middle Income,2022,70.45,75.22,83.4,131.95,32.63,126.7,41.46,93.35,12.32,19.62,1.98,2.66,95.77,64.47,10.42
Azerbaijan,AZE,Europe & Central Asia,Upper-Middle Income,2023,73.99,78.53,86.34,134.26,32.75,139.28,41.48,93.8,16.65,19.72,1.66,2.21,96.19,64.68,10.5
Azerbaijan,AZE,Europe & Central Asia,Upper-Middle Income,2024,73.68,78.69,85.51,137.52,33.23,,46.03,95.03,23.14,18.52,1.64,2.3,96.15,65.06,10.58
Azerbaijan,AZE,Europe & Central Asia,Upper-Middle Income,2025,76.26,79.32,88.36,137.01,35.09,153.65,52.17,94.49,29.51,17.23,1.76,2.09,96.47,65.36,10.67
Armenia,ARM,Europe & Central Asia,Upper-Middle Income,2018,60.04,65.57,79.09,119.42,18.59,41.98,64.37,83.73,0.0,42.91,2.49,1.53,81.48,83.6,3.0
Armenia,ARM,Europe & Central Asia,Upper-Middle Income,2019,62.92,66.43,80.82,120.45,18.09,52.27,66.92,83.93,0.0,41.48,2.72,1.76,81.58,83.85,3.02
Armenia,ARM,Europe & Central Asia,Upper-Middle Income,2020,63.1,69.3,82.85,122.98,19.29,56.25,71.41,84.3,0.99,40.41,2.35,1.9,81.68,84.14,3.05
Armenia,ARM,Europe & Central Asia,Upper-Middle Income,2021,64.03,70.47,82.89,124.74,19.26,61.16,76.9,84.54,4.82,40.22,2.44,1.38,81.92,84.55,3.07
Armenia,ARM,Europe & Central Asia,Upper-Middle Income,2022,66.57,71.54,84.3,124.67,20.35,59.39,80.86,87.76,12.73,40.99,2.31,1.32,82.25,84.69,3.1
Armenia,ARM,Europe & Central Asia,Upper-Middle Income,2023,68.92,73.09,85.3,127.0,20.76,61.48,87.86,87.88,15.91,37.55,2.23,1.4,82.56,85.2,3.12
Armenia,ARM,Europe & Central Asia,Upper-Middle Income,2024,68.3,75.4,90.82,129.34,20.62,66.95,91.3,88.36,20.15,37.77,1.97,1.68,82.65,85.41,3.14
Armenia,ARM,Europe & Central Asia,Upper-Middle Income,2025,70.19,75.59,91.25,131.43,21.86,73.18,96.64,91.21,30.24,36.14,1.92,1.45,82.94,85.54,3.17
Belarus,BLR,Europe & Central Asia,Upper-Middle Income,2018,67.34,71.64,80.62,131.92,33.68,94.24,51.04,83.34,0.0,41.09,2.37,2.85,95.59,55.73,9.2
Belarus,BLR,Europe & Central Asia,Upper-Middle Income,2019,69.25,72.42,81.36,136.02,34.35,105.47,51.71,83.51,0.0,39.55,2.07,2.5,95.62,55.81,9.27
Belarus,BLR,Europe & Central Asia,Upper-Middle Income,2020,71.11,74.32,84.94,135.16,35.83,110.11,52.62,85.04,4.86,40.81,2.13,2.61,95.73,56.18,9.35
Belarus,BLR,Europe & Central Asia,Upper-Middle Income,2021,72.14,,83.78,138.3,35.67,120.12,58.1,86.31,7.52,40.22,2.0,2.25,95.92,56.6,9.42
Belarus,BLR,Europe & Central Asia,Upper-Middle Income,2022,74.17,77.84,87.37,138.46,36.27,127.69,60.54,87.55,10.46,38.87,1.78,2.5,96.14,56.68,9.49
Belarus,BLR,Europe & Central Asia,Upper-Middle Income,2023,73.35,77.95,88.73,141.51,36.28,134.67,64.38,89.34,19.19,37.83,1.88,2.23,96.4,57.19,9.57
Belarus,BLR,Europe & Central Asia,Upper-Middle Income,2024,76.23,79.68,88.83,143.72,37.33,143.48,66.7,88.03,22.91,36.34,1.73,2.46,96.55,57.28,9.64
Belarus,BLR,Europe & Central Asia,Upper-Middle Income,2025,78.52,82.32,91.98,146.49,37.84,154.46,70.45,90.23,31.94,36.37,1.45,2.09,96.89,57.55,9.72
Moldova,MDA,Europe & Central Asia,Upper-Middle Income,2018,71.94,61.92,73.41,94.61,18.85,54.12,63.6,92.73,0.0,38.19,3.44,2.38,84.85,79.86,2.6
Moldova,MDA,Europe & Central Asia,Upper-Middle Income,2019,71.64,63.79,74.67,97.02,18.8,50.39,68.17,92.8,0.0,36.65,3.32,2.63,85.01,80.08,2.62
Moldova,MDA,Europe & Central Asia,Upper-Middle Income,2020,74.0,66.7,74.46,97.23,19.03,56.11,70.24,94.91,0.05,35.12,3.15,2.4,85.33,80.39,2.64
Moldova,MDA,Europe & Central Asia,Upper-Middle Income,2021,76.28,67.61,78.28,98.5,20.01,61.07,75.34,95.01,5.48,32.66,2.89,2.34,85.37,80.78,2.66
Moldova,MDA,Europe & Central Asia,Upper-Middle Income,2022,75.96,68.63,77.27,101.08,20.2,66.36,79.61,95.71,11.7,32.81,2.93,2.4,85.51,81.06,2.68
Moldova,MDA,Europe & Central Asia,Upper-Middle Income,2023,78.13,71.38,79.43,104.42,20.67,65.92,83.41,97.46,13.75,33.63,2.54,2.11,85.99,81.47,2.7
Moldova,MDA,Europe & Central Asia,Upper-Middle Income,2024,80.75,72.32,81.67,104.48,21.45,70.58,88.08,98.11,23.34,32.49,2.46,2.0,85.89,81.6,2.72
Moldova,MDA,Europe & Central Asia,Upper-Middle Income,2025,79.77,71.37,83.0,109.07,22.62,73.34,90.41,99.21,33.36,30.5,2.37,2.21,86.28,81.98,2.75
Kyrgyzstan,KGZ,Europe & Central Asia,Lower-Middle Income,2018,40.03,64.52,41.18,111.26,4.27,50.87,31.54,88.22,0.0,17.89,3.06,8.07,75.97,53.36,6.8
Kyrgyzstan,KGZ,Europe & Central Asia,Lower-Middle Income,2019,41.38,,40.68,112.7,5.68,57.62,33.18,89.76,0.0,16.59,3.26,7.81,76.27,53.74,6.85
Kyrgyzstan,KGZ,Europe & Central Asia,Lower-Middle Income,2020,40.89,67.3,44.5,114.42,5.71,53.23,35.17,90.29,0.0,15.84,2.95,7.87,76.62,53.94,6.91
Kyrgyzstan,KGZ,Europe & Central Asia,Lower-Middle Income,2021,44.46,70.15,45.05,117.42,5.54,64.28,35.39,91.88,0.0,16.16,2.87,7.69,76.68,54.33,6.96
Kyrgyzstan,KGZ,Europe & Central Asia,Lower-Middle Income,2022,44.96,71.66,48.37,116.52,6.75,67.63,37.59,90.74,3.57,14.7,2.67,7.45,76.95,54.57,7.02
Kyrgyzstan,KGZ,Europe & Central Asia,Lower-Middle Income,2023,45.59,72.62,48.44,119.98,7.43,75.29,41.41,92.65,5.78,15.51,2.54,7.45,77.05,54.89,7.07
Kyrgyzstan,KGZ,Europe & Central Asia,Lower-Middle Income,2024,48.38,74.18,50.96,122.57,8.65,72.99,43.88,94.22,7.69,15.51,2.33,6.94,77.39,55.31,7.13
Kyrgyzstan,KGZ,Europe & Central Asia,Lower-Middle Income,2025,50.39,75.18,51.04,122.53,8.75,78.29,44.42,95.35,11.13,15.66,2.27,6.49,77.55,55.51,7.18
Tajikistan,TJK,Europe & Central Asia,Lower-Middle Income,2018,53.91,49.44,58.07,97.86,18.1,21.31,21.41,86.62,0.0,40.38,2.76,6.82,69.49,38.47,10.0
Tajikistan,TJK,Europe & Central Asia,Lower-Middle Income,2019,54.72,49.85,61.66,96.76,19.07,18.61,23.65,88.38,0.0,37.34,2.77,6.32,69.67,38.67,10.08
Tajikistan,TJK,Europe & Central Asia,Lower-Middle Income,2020,57.88,51.22,63.62,99.33,19.39,24.46,26.64,87.72,0.0,36.75,2.59,5.86,70.1,39.06,10.16
Tajikistan,TJK,Europe & Central Asia,Lower-Middle Income,2021,58.28,51.7,62.21,103.05,20.85,23.27,28.57,90.01,0.44,35.66,2.34,6.08,69.89,39.28,10.24
Tajikistan,TJK,Europe & Central Asia,Lower-Middle Income,2022,60.42,54.21,65.68,102.74,21.66,23.35,29.1,90.97,2.62,34.95,2.47,5.76,70.16,39.63,10.32
Tajikistan,TJK,Europe & Central Asia,Lower-Middle Income,2023,62.19,58.12,66.67,106.45,21.81,25.88,29.86,91.4,4.32,35.44,2.19,5.56,70.36,39.97,10.4
Tajikistan,TJK,Europe & Central Asia,Lower-Middle Income,2024,63.74,58.26,70.26,104.93,21.96,27.77,32.3,93.03,7.94,34.16,2.22,5.52,70.74,40.19,10.48
Tajikistan,TJK,Europe & Central Asia,Lower-Middle Income,2025,64.89,58.19,70.83,106.94,22.05,27.86,33.58,93.1,9.57,33.38,1.99,5.1,70.83,40.64,10.56
Turkmenistan,TKM,Europe & Central Asia,Upper-Middle Income,2018,70.13,71.75,75.84,93.67,33.15,111.7,63.78,89.15,0.0,28.69,3.04,3.48,82.73,81.02,6.3
Turkmenistan,TKM,Europe & Central Asia,Upper-Middle Income,2019,70.3,72.7,75.14,97.88,33.47,123.38,68.64,91.41,0.0,27.19,2.81,3.19,82.95,81.42,6.35
Turkmenistan,TKM,Europe & Central Asia,Upper-Middle Income,2020,71.32,74.34,80.63,99.3,34.28,129.75,74.04,91.74,0.0,28.12,2.58,3.26,83.19,81.67,6.4
Turkmenistan,TKM,Europe & Central Asia,Upper-Middle Income,2021,75.32,74.65,78.63,100.97,36.07,142.3,78.46,93.24,6.71,26.32,2.48,2.91,83.25,82.1,6.45
Turkmenistan,TKM,Europe & Central Asia,Upper-Middle Income,2022,75.24,78.42,81.29,103.27,35.96,151.11,82.99,93.09,13.96,25.11,2.42,3.14,83.62,82.55,6.5
Turkmenistan,TKM,Europe & Central Asia,Upper-Middle Income,2023,76.09,77.24,83.92,102.25,36.46,164.56,87.41,94.51,17.33,25.96,2.43,2.75,83.8,82.74,6.55
Turkmenistan,TKM,Europe & Central Asia,Upper-Middle Income,2024,79.39,80.31,85.47,104.93,36.93,167.9,90.23,94.43,19.12,26.18,2.14,2.98,84.04,82.92,6.6
Turkmenistan,TKM,Europe & Central Asia,Upper-Middle Income,2025,79.83,81.66,85.68,108.73,37.45,178.34,95.65,96.58,32.49,24.46,2.24,2.72,84.31,83.22,6.65
Albania,ALB,Europe & Central Asia,Upper-Middle Income,2018,77.17,84.11,78.68,119.0,23.01,110.25,73.64,82.61,0.0,21.32,1.8,3.68,96.73,56.9,2.7
Albania,ALB,Europe & Central Asia,Upper-Middle Income,2019,81.18,85.57,78.88,119.39,24.15,117.15,77.66,83.41,0.0,19.92,1.77,3.15,96.95,57.24,2.72
Albania,ALB,Europe & Central Asia,Upper-Middle Income,2020,80.89,87.09,81.87,123.84,24.27,128.94,83.74,83.76,0.78,17.77,1.65,3.32,97.14,57.47,2.74
Albania,ALB,Europe & Central Asia,Upper-Middle Income,2021,84.77,88.28,83.22,122.83,25.7,137.57,89.24,86.62,7.69,19.37,1.54,3.45,97.4,57.77,2.76
Albania,ALB,Europe & Central Asia,Upper-Middle Income,2022,84.88,89.21,83.13,123.02,25.49,147.99,95.3,86.88,12.35,18.17,1.41,3.13,97.51,57.99,2.79
Albania,ALB,Europe & Central Asia,Upper-Middle Income,2023,86.28,92.71,85.86,125.46,26.54,153.17,96.7,87.28,18.9,17.76,1.3,3.09,97.85,58.46,2.81
Albania,ALB,Europe & Central Asia,Upper-Middle Income,2024,88.83,93.87,88.63,129.07,27.28,162.82,104.27,88.56,24.35,18.18,1.31,3.1,97.94,58.49,2.83
Albania,ALB,Europe & Central Asia,Upper-Middle Income,2025,89.06,93.95,89.1,130.86,27.53,172.28,110.4,90.4,30.22,17.77,1.28,2.96,,58.93,2.85
North Macedonia,MKD,Europe & Central Asia,Upper-Middle Income,2018,73.44,70.34,82.82,126.88,30.59,75.62,48.7,84.76,0.0,20.69,3.04,3.81,97.01,83.82,2.0
North Macedonia,MKD,Europe & Central Asia,Upper-Middle Income,2019,75.55,71.67,85.87,129.91,32.01,82.35,54.46,86.13,0.0,20.94,3.09,3.23,97.19,84.16,2.02
North Macedonia,MKD,Europe & Central Asia,Upper-Middle Income,2020,77.2,74.66,86.86,131.4,32.37,91.01,55.51,87.59,0.0,21.52,2.89,3.62,97.5,84.54,2.03
North Macedonia,MKD,Europe & Central Asia,Upper-Middle Income,2021,78.81,75.64,86.75,131.74,32.99,93.8,57.92,87.88,5.3,20.44,2.86,3.43,97.56,84.82,2.05
North Macedonia,MKD,Europe & Central Asia,Upper-Middle Income,2022,79.49,78.35,90.76,135.51,33.44,101.69,62.59,88.92,9.73,19.22,2.67,3.19,97.82,85.05,2.06
North Macedonia,MKD,Europe & Central Asia,Upper-Middle Income,2023,80.75,78.75,91.83,137.56,34.01,101.35,68.21,90.78,18.12,20.7,2.57,3.21,97.99,85.39,2.08
North Macedonia,MKD,Europe & Central Asia,Upper-Middle Income,2024,83.88,82.63,93.57,136.43,34.31,114.94,71.25,92.08,23.75,18.04,2.51,2.91,98.27,85.59,2.1
North Macedonia,MKD,Europe & Central Asia,Upper-Middle Income,2025,83.69,81.82,94.84,139.21,34.68,119.64,73.35,93.25,31.68,19.52,2.12,2.81,98.45,86.04,2.11
Bosnia and Herzegovina,BIH,Europe & Central Asia,Upper-Middle Income,2018,73.94,81.34,81.93,127.88,20.56,69.72,32.23,94.3,0.0,37.18,1.3,3.22,90.45,63.35,3.2
Bosnia and Herzegovina,BIH,Europe & Central Asia,Upper-Middle Income,2019,74.78,,82.22,129.77,20.89,77.37,38.35,96.08,0.0,36.16,1.52,3.2,90.88,63.8,3.23
Bosnia and Herzegovina,BIH,Europe & Central Asia,Upper-Middle Income,2020,75.3,82.56,85.16,131.63,21.77,88.09,38.99,97.63,0.0,36.34,1.1,3.23,90.9,64.05,3.25
Bosnia and Herzegovina,BIH,Europe & Central Asia,Upper-Middle Income,2021,75.87,85.77,87.66,133.57,22.43,90.24,41.06,99.83,7.11,34.86,1.14,3.16,91.03,64.29,3.28
Bosnia and Herzegovina,BIH,Europe & Central Asia,Upper-Middle Income,2022,78.25,87.2,90.62,136.48,23.24,95.19,45.58,99.25,12.13,34.98,1.18,2.97,91.11,64.66,3.3
Bosnia and Herzegovina,BIH,Europe & Central Asia,Upper-Middle Income,2023,80.54,87.88,90.22,139.4,23.21,101.94,45.87,99.9,16.71,33.95,0.9,2.68,91.5,64.98,3.33
Bosnia and Herzegovina,BIH,Europe & Central Asia,Upper-Middle Income,2024,80.58,88.82,93.17,138.53,23.58,110.95,49.57,99.9,23.06,31.93,0.99,2.8,91.6,65.21,3.35
Bosnia and Herzegovina,BIH,Europe & Central Asia,Upper-Middle Income,2025,83.06,93.01,94.74,141.85,24.55,113.34,51.09,99.9,30.59,30.48,1.01,2.6,91.98,65.5,3.38
Montenegro,MNE,Europe & Central Asia,Upper-Middle Income,2018,60.38,78.53,73.92,127.5,25.16,97.25,56.21,89.99,0.0,45.12,1.85,1.79,80.66,76.08,0.6
Montenegro,MNE,Europe & Central Asia,Upper-Middle Income,2019,62.4,80.89,74.89,126.85,25.28,110.03,62.05,90.7,0.0,43.4,1.85,1.76,80.82,76.36,0.6
Montenegro,MNE,Europe & Central Asia,Upper-Middle Income,2020,64.93,79.95,76.36,128.52,26.97,120.71,63.41,90.89,0.0,41.76,1.81,1.65,80.96,76.77,0.61
Montenegro,MNE,Europe & Central Asia,Upper-Middle Income,2021,66.07,82.97,78.48,129.9,26.99,128.99,68.88,92.93,4.87,43.43,1.57,1.69,81.07,77.22,0.61
Montenegro,MNE,Europe & Central Asia,Upper-Middle Income,2022,66.97,83.79,80.07,135.26,27.88,137.04,71.71,94.88,14.91,41.66,1.59,1.6,81.33,77.3,0.62
Montenegro,MNE,Europe & Central Asia,Upper-Middle Income,2023,68.5,84.59,80.94,134.14,28.76,142.12,77.88,95.42,16.39,40.99,1.44,1.51,81.46,77.66,0.62
Montenegro,MNE,Europe & Central Asia,Upper-Middle Income,2024,69.25,87.57,83.09,136.64,28.98,152.62,81.22,96.7,26.19,40.27,1.46,1.84,81.73,77.99,0.63
Montenegro,MNE,Europe & Central Asia,Upper-Middle Income,2025,71.84,90.73,86.5,140.89,29.61,157.08,84.08,97.04,32.43,39.62,1.31,1.51,81.83,78.22,0.63
Cyprus,CYP,Europe & Central Asia,High Income,2018,90.87,93.73,81.9,121.49,30.14,128.45,104.3,96.13,0.0,40.15,2.05,1.08,95.13,92.24,1.2
Cyprus,CYP,Europe & Central Asia,High Income,2019,93.42,95.88,82.4,122.65,31.31,134.63,111.12,95.64,2.2,39.53,1.92,1.14,95.46,92.71,1.21
Cyprus,CYP,Europe & Central Asia,High Income,2020,95.1,96.73,84.87,121.74,31.74,148.01,119.14,99.02,9.46,39.73,1.97,0.92,95.49,92.9,1.22
Cyprus,CYP,Europe & Central Asia,High Income,2021,96.46,97.9,86.19,123.61,32.0,154.54,124.81,99.9,22.4,39.49,1.7,0.74,95.59,93.27,1.23
Cyprus,CYP,Europe & Central Asia,High Income,2022,98.34,99.72,88.98,126.15,33.04,166.76,133.26,99.9,29.14,37.96,1.53,0.62,95.8,93.5,1.24
Cyprus,CYP,Europe & Central Asia,High Income,2023,99.5,99.8,90.75,130.02,33.57,179.19,138.72,99.9,40.7,36.21,1.58,0.96,96.1,93.98,1.25
Cyprus,CYP,Europe & Central Asia,High Income,2024,99.5,99.8,90.16,130.4,33.61,190.31,147.02,99.9,50.04,34.15,1.51,0.76,96.29,94.14,1.26
Cyprus,CYP,Europe & Central Asia,High Income,2025,99.5,99.8,94.44,134.0,34.86,195.44,152.29,99.9,65.27,34.05,1.55,0.76,96.39,94.38,1.27
Lithuania,LTU,Europe & Central Asia,High Income,2018,87.01,92.57,95.78,152.51,33.22,202.89,92.02,95.14,0.0,41.92,2.11,1.3,93.18,88.43,2.8
Lithuania,LTU,Europe & Central Asia,High Income,2019,88.66,93.46,97.27,156.87,32.75,218.01,103.8,96.18,4.18,39.91,2.06,1.33,93.45,88.81,2.82
Lithuania,LTU,Europe & Central Asia,High Income,2020,90.64,96.86,98.04,155.7,34.93,236.4,107.23,96.31,8.24,40.79,2.13,1.18,93.48,88.98,2.84
Lithuania,LTU,Europe & Central Asia,High Income,2021,92.85,97.9,97.02,158.37,34.23,243.99,116.06,99.17,23.62,38.45,2.0,1.22,93.9,89.36,2.87
Lithuania,LTU,Europe & Central Asia,High Income,2022,92.78,97.72,99.0,159.06,35.27,265.32,119.95,99.11,33.58,38.89,1.82,1.08,93.96,89.65,2.89
Lithuania,LTU,Europe & Central Asia,High Income,2023,95.71,99.8,99.0,162.46,36.04,283.53,127.39,99.9,45.27,37.04,1.9,0.87,94.33,89.97,2.91
Lithuania,LTU,Europe & Central Asia,High Income,2024,96.95,99.8,99.0,163.98,36.41,294.65,134.41,99.9,56.75,38.08,1.68,0.97,94.44,90.33,2.93
Lithuania,LTU,Europe & Central Asia,High Income,2025,97.43,99.8,99.0,165.18,37.11,315.86,140.48,99.9,63.83,36.32,1.64,1.14,,90.72,2.96
Latvia,LVA,Europe & Central Asia,High Income,2018,83.21,83.02,80.17,120.04,32.51,104.95,108.91,94.63,0.0,36.18,1.94,1.29,96.55,76.47,1.9
Latvia,LVA,Europe & Central Asia,High Income,2019,85.61,85.43,82.12,121.87,33.6,112.28,114.68,95.47,0.0,38.03,1.95,1.39,96.73,76.68,1.92
Latvia,LVA,Europe & Central Asia,High Income,2020,87.11,85.99,82.66,123.83,34.31,119.35,124.52,96.85,13.43,35.67,1.72,1.41,97.24,77.13,1.93
Latvia,LVA,Europe & Central Asia,High Income,2021,88.47,88.93,85.28,127.53,34.85,125.76,129.57,97.63,23.03,33.84,1.7,1.3,97.11,77.45,1.95
Latvia,LVA,Europe & Central Asia,High Income,2022,88.79,88.27,86.96,127.65,35.8,135.03,137.48,98.7,30.78,34.61,1.76,1.02,97.56,77.62,1.96
Latvia,LVA,Europe & Central Asia,High Income,2023,91.22,93.07,88.58,130.57,36.1,144.83,146.45,99.9,43.32,33.81,1.64,1.06,97.59,78.0,1.98
Latvia,LVA,Europe & Central Asia,High Income,2024,94.78,92.68,89.97,134.85,36.85,152.05,153.62,99.9,55.82,33.3,1.44,1.14,97.79,78.33,1.99
Latvia,LVA,Europe & Central Asia,High Income,2025,92.6,93.57,89.86,133.48,37.27,159.25,162.16,99.9,59.94,32.32,1.3,0.83,97.96,78.47,2.01
Slovakia,SVK,Europe & Central Asia,High Income,2018,83.47,81.54,80.93,127.54,33.85,93.92,59.67,96.81,0.0,31.67,1.01,1.0,96.92,73.02,5.4
Slovakia,SVK,Europe & Central Asia,High Income,2019,85.97,84.71,82.64,129.07,34.05,107.76,65.6,97.96,1.19,30.84,0.87,1.06,97.14,73.25,5.44
Slovakia,SVK,Europe & Central Asia,High Income,2020,86.05,85.28,83.7,126.95,34.35,114.36,68.73,97.58,8.98,31.22,0.94,1.14,97.17,73.51,5.49
Slovakia,SVK,Europe & Central Asia,High Income,2021,89.08,86.59,87.32,131.48,35.35,121.96,72.99,98.42,23.41,30.57,0.84,1.24,97.52,73.8,5.53
Slovakia,SVK,Europe & Central Asia,High Income,2022,89.37,88.66,88.09,132.06,35.77,117.76,78.57,99.9,33.17,28.45,0.87,1.35,97.62,74.27,5.57
Slovakia,SVK,Europe & Central Asia,High Income,2023,89.52,90.93,89.2,133.68,36.22,134.52,83.27,99.9,43.73,27.91,0.81,1.33,97.67,74.45,5.62
Slovakia,SVK,Europe & Central Asia,High Income,2024,92.18,92.44,91.99,136.83,37.07,143.49,86.09,99.9,59.05,27.64,0.65,1.08,97.91,74.72,5.66
Slovakia,SVK,Europe & Central Asia,High Income,2025,93.42,92.73,93.28,140.32,38.51,149.43,92.1,99.9,66.42,27.34,0.53,1.09,98.35,75.0,5.7
Slovenia,SVN,Europe & Central Asia,High Income,2018,94.1,93.0,79.34,149.31,48.92,92.33,74.05,98.22,0.0,50.28,0.66,0.74,93.72,84.46,2.1
Slovenia,SVN,Europe & Central Asia,High Income,2019,96.78,93.63,80.28,149.96,48.76,100.04,77.33,99.03,0.0,49.96,0.62,0.7,93.92,84.91,2.12
Slovenia,SVN,Europe & Central Asia,High Income,2020,97.75,93.94,82.64,154.61,50.04,109.02,85.13,99.9,12.62,49.23,0.62,0.73,93.93,85.18,2.13
Slovenia,SVN,Europe & Central Asia,High Income,2021,99.5,97.35,82.71,154.04,50.07,112.78,91.03,99.9,23.92,48.08,0.55,0.74,94.23,85.34,2.15
Slovenia,SVN,Europe & Central Asia,High Income,2022,99.5,99.23,86.68,160.07,51.15,120.67,94.81,99.9,31.67,47.18,0.42,0.81,94.48,85.84,2.17
Slovenia,SVN,Europe & Central Asia,High Income,2023,99.5,98.93,86.61,159.8,51.03,129.61,102.91,99.9,47.09,45.8,0.43,0.78,94.68,86.1,2.18
Slovenia,SVN,Europe & Central Asia,High Income,2024,99.5,99.8,90.33,158.62,51.85,135.66,104.57,99.9,52.64,44.85,0.59,0.44,94.9,86.42,2.2
Slovenia,SVN,Europe & Central Asia,High Income,2025,99.5,99.8,90.65,161.86,53.06,141.61,110.81,99.9,66.47,43.69,0.52,0.63,94.91,86.58,2.22
Singapore,SGP,East Asia & Pacific,High Income,2018,90.7,88.65,87.01,147.06,30.61,241.01,114.7,98.95,0.0,42.49,1.29,0.91,94.5,85.91,5.6
Singapore,SGP,East Asia & Pacific,High Income,2019,92.13,90.61,89.33,147.48,31.26,268.9,122.17,99.69,0.0,42.61,1.19,0.52,94.7,86.16,5.64
Singapore,SGP,East Asia & Pacific,High Income,2020,94.71,90.68,88.87,147.89,32.48,279.03,132.83,99.9,7.91,42.25,1.33,0.49,94.84,86.51,5.69
Singapore,SGP,East Asia & Pacific,High Income,2021,95.58,91.38,90.9,150.31,32.57,301.24,139.09,99.9,19.89,41.77,1.13,0.56,95.09,86.9,5.73
Singapore,SGP,East Asia & Pacific,High Income,2022,96.5,94.45,92.63,152.94,33.45,329.38,143.59,99.9,35.6,38.35,1.17,0.75,95.23,86.93,5.78
Singapore,SGP,East Asia & Pacific,High Income,2023,99.5,95.91,93.66,155.98,34.06,346.72,154.58,99.9,42.73,38.9,1.14,0.52,95.55,87.21,5.82
Singapore,SGP,East Asia & Pacific,High Income,2024,99.5,98.11,96.09,155.66,33.57,364.05,162.4,99.9,56.51,37.79,1.04,0.69,95.57,87.58,5.87
Singapore,SGP,East Asia & Pacific,High Income,2025,99.5,97.42,98.68,156.51,34.09,385.34,167.79,99.9,67.44,37.16,0.9,0.6,95.93,87.87,5.91
Japan,JPN,East Asia & Pacific,High Income,2018,84.84,86.13,85.9,116.41,36.04,112.33,80.46,94.78,0.0,57.04,1.4,1.37,98.03,84.83,125.1
Japan,JPN,East Asia & Pacific,High Income,2019,86.53,88.27,88.38,117.46,36.69,120.42,84.65,95.67,0.0,55.67,1.4,1.28,98.11,85.19,126.1
Japan,JPN,East Asia & Pacific,High Income,2020,85.66,89.62,85.21,118.17,38.27,128.17,89.99,97.47,9.41,54.53,1.41,1.5,98.07,85.51,127.1
Japan,JPN,East Asia & Pacific,High Income,2021,91.93,93.11,90.95,121.56,38.06,137.19,95.34,97.67,19.28,51.67,1.36,1.14,98.5,85.71,128.1
Japan,JPN,East Asia & Pacific,High Income,2022,91.58,92.51,89.76,122.78,38.91,146.5,102.42,98.37,30.47,50.88,1.16,1.26,98.85,86.26,129.1
Japan,JPN,East Asia & Pacific,High Income,2023,92.28,94.61,93.38,124.85,38.6,,107.0,99.26,42.89,50.79,1.2,1.34,98.89,86.52,130.1
Japan,JPN,East Asia & Pacific,High Income,2024,91.89,95.37,94.16,128.44,40.18,163.39,113.57,99.9,54.82,49.98,0.89,0.84,98.89,86.77,131.1
Japan,JPN,East Asia & Pacific,High Income,2025,94.56,,96.32,127.74,40.47,174.32,119.76,99.9,69.31,48.71,1.12,1.07,99.15,87.01,132.11
South Korea,KOR,East Asia & Pacific,High Income,2018,81.8,92.15,89.19,144.2,38.63,162.85,76.48,97.04,0.0,47.22,1.33,0.93,99.73,87.67,51.7
South Korea,KOR,East Asia & Pacific,High Income,2019,84.21,90.84,89.44,147.58,39.31,173.63,82.34,96.54,0.0,45.98,1.17,1.02,99.9,87.99,52.11
South Korea,KOR,East Asia & Pacific,High Income,2020,83.7,93.68,92.03,148.06,39.69,185.89,86.08,98.94,11.64,46.58,1.32,0.77,99.9,88.35,52.53
South Korea,KOR,East Asia & Pacific,High Income,2021,85.89,95.59,94.47,150.15,41.09,200.6,92.22,99.54,24.3,44.8,1.29,0.9,99.9,88.57,52.94
South Korea,KOR,East Asia & Pacific,High Income,2022,87.45,96.35,94.94,153.5,40.83,214.35,97.6,99.9,32.56,42.99,1.16,0.59,99.9,88.72,53.35
South Korea,KOR,East Asia & Pacific,High Income,2023,88.51,98.02,98.56,152.49,42.0,223.34,99.17,99.9,46.97,41.79,1.2,0.88,99.9,89.26,53.77
South Korea,KOR,East Asia & Pacific,High Income,2024,90.44,99.8,98.72,156.04,41.95,235.64,107.42,99.9,53.94,41.18,0.98,0.78,99.9,89.5,54.18
South Korea,KOR,East Asia & Pacific,High Income,2025,91.5,99.8,99.0,157.6,43.05,252.04,113.08,99.9,66.54,40.45,1.14,0.88,99.9,89.9,54.6
Australia,AUS,East Asia & Pacific,High Income,2018,84.98,83.33,82.05,124.69,33.79,106.29,76.83,94.73,0.0,56.67,0.31,1.27,93.91,97.45,25.7
Australia,AUS,East Asia & Pacific,High Income,2019,85.43,84.99,82.0,127.94,33.82,118.51,80.27,96.71,2.45,55.23,0.39,1.01,94.18,97.67,25.91
Australia,AUS,East Asia & Pacific,High Income,2020,87.0,88.4,83.47,127.9,34.84,122.76,84.47,97.42,10.61,53.99,0.34,1.25,94.38,98.15,26.11
Australia,AUS,East Asia & Pacific,High Income,2021,90.1,87.71,85.26,130.0,35.08,134.86,91.86,98.19,21.64,53.08,0.38,0.9,94.93,98.5,26.32
Australia,AUS,East Asia & Pacific,High Income,2022,88.95,89.28,85.75,131.98,34.98,144.06,97.66,98.53,33.32,51.17,0.42,1.03,94.94,98.6,26.52
Australia,AUS,East Asia & Pacific,High Income,2023,91.68,91.68,88.98,133.23,35.1,149.92,103.08,99.9,43.15,50.22,0.39,1.06,95.19,98.98,26.73
Australia,AUS,East Asia & Pacific,High Income,2024,93.45,93.94,90.19,137.15,36.15,158.82,108.97,99.9,56.84,49.7,0.34,0.86,95.26,99.0,26.93
Australia,AUS,East Asia & Pacific,High Income,2025,95.31,93.86,93.09,137.06,37.31,173.86,113.45,99.9,66.13,48.52,0.46,1.02,95.68,99.0,27.14
New Zealand,NZL,East Asia & Pacific,High Income,2018,81.61,87.98,94.8,151.7,46.91,116.62,64.81,97.54,0.0,58.12,1.38,1.34,92.83,92.08,5.1
New Zealand,NZL,East Asia & Pacific,High Income,2019,82.42,90.1,99.0,150.09,47.38,124.02,69.39,99.49,0.0,56.58,1.32,1.22,93.06,92.3,5.14
New Zealand,NZL,East Asia & Pacific,High Income,2020,82.18,91.19,99.0,151.96,47.78,135.2,73.63,99.9,10.45,56.84,1.12,1.24,93.16,92.6,5.18
New Zealand,NZL,East Asia & Pacific,High Income,2021,87.06,93.3,99.0,152.75,48.61,150.37,82.23,99.9,22.68,54.39,1.23,1.13,93.2,92.86,5.22
New Zealand,NZL,East Asia & Pacific,High Income,2022,86.98,94.06,99.0,157.72,48.81,154.67,82.33,99.9,33.62,52.12,1.15,1.01,93.41,93.27,5.26
New Zealand,NZL,East Asia & Pacific,High Income,2023,88.56,94.74,99.0,158.75,49.1,162.37,85.97,99.9,48.0,51.15,1.28,1.14,93.94,93.53,5.3
New Zealand,NZL,East Asia & Pacific,High Income,2024,91.72,98.2,99.0,158.61,50.12,179.4,92.99,99.9,51.32,50.0,1.04,0.98,93.88,93.8,5.34
New Zealand,NZL,East Asia & Pacific,High Income,2025,93.11,99.8,99.0,162.09,50.38,185.42,97.15,99.9,68.89,47.98,1.1,1.15,94.07,94.11,5.39
China,CHN,East Asia & Pacific,Upper-Middle Income,2018,63.39,70.02,71.91,113.69,21.07,51.4,59.18,86.53,0.0,36.85,1.11,2.75,89.18,53.66,1412.0
China,CHN,East Asia & Pacific,Upper-Middle Income,2019,66.45,70.99,72.88,115.72,21.0,54.2,63.35,86.28,0.0,36.95,1.14,2.65,89.3,54.1,1423.3
China,CHN,East Asia & Pacific,Upper-Middle Income,2020,64.55,72.62,75.0,116.09,21.49,57.98,68.82,87.35,0.56,35.27,1.05,2.79,89.4,54.29,1434.59
China,CHN,East Asia & Pacific,Upper-Middle Income,2021,67.7,74.2,75.57,117.95,22.49,56.4,73.49,89.31,3.81,34.2,1.21,2.73,89.57,54.62,1445.89
China,CHN,East Asia & Pacific,Upper-Middle Income,2022,68.46,76.14,78.3,122.02,22.96,60.26,76.41,90.62,12.66,33.52,0.98,2.51,89.66,54.95,1457.18
China,CHN,East Asia & Pacific,Upper-Middle Income,2023,68.49,78.94,78.54,125.88,24.21,66.19,81.65,90.43,17.04,32.15,0.94,2.43,89.93,55.19,1468.48
China,CHN,East Asia & Pacific,Upper-Middle Income,2024,71.46,80.49,80.84,122.42,24.29,68.95,85.11,91.94,26.64,31.78,0.77,2.22,90.13,55.44,1479.78
China,CHN,East Asia & Pacific,Upper-Middle Income,2025,75.44,81.64,83.53,125.23,24.67,76.51,89.97,92.37,30.08,29.94,0.84,2.31,90.29,55.65,1491.07
Malaysia,MYS,East Asia & Pacific,Upper-Middle Income,2018,65.31,65.99,63.43,135.29,21.17,102.8,42.02,91.13,0.0,40.05,2.36,2.7,86.96,63.11,33.6
Malaysia,MYS,East Asia & Pacific,Upper-Middle Income,2019,69.58,67.79,65.43,136.2,22.84,104.79,43.79,93.22,0.0,42.14,2.2,2.75,87.09,63.5,33.87
Malaysia,MYS,East Asia & Pacific,Upper-Middle Income,2020,69.48,68.21,67.95,137.29,23.28,117.55,48.45,94.61,0.0,37.88,2.12,2.97,87.34,63.91,34.14
Malaysia,MYS,East Asia & Pacific,Upper-Middle Income,2021,71.72,70.32,68.94,139.97,24.02,125.7,51.28,94.17,7.55,38.39,2.07,2.5,87.5,63.92,34.41
Malaysia,MYS,East Asia & Pacific,Upper-Middle Income,2022,72.84,71.26,70.1,141.16,24.71,130.85,54.85,96.22,11.29,38.24,2.03,2.57,,64.38,34.68
Malaysia,MYS,East Asia & Pacific,Upper-Middle Income,2023,73.82,70.62,71.73,142.69,24.62,142.02,53.81,96.62,17.52,36.46,1.9,2.1,88.01,64.7,34.94
Malaysia,MYS,East Asia & Pacific,Upper-Middle Income,2024,76.76,74.69,74.36,145.27,25.12,149.58,58.88,98.19,24.0,35.79,1.92,2.06,88.13,65.04,35.21
Malaysia,MYS,East Asia & Pacific,Upper-Middle Income,2025,77.89,76.48,75.92,147.32,25.7,157.33,60.41,98.55,30.24,36.81,1.66,2.16,88.53,65.41,35.48
Thailand,THA,East Asia & Pacific,Upper-Middle Income,2018,81.91,80.59,82.53,97.47,29.08,111.08,37.19,82.5,0.0,41.02,2.51,3.73,82.39,77.52,71.6
Thailand,THA,East Asia & Pacific,Upper-Middle Income,2019,82.26,83.03,84.44,99.33,28.97,123.75,40.54,84.6,0.0,41.23,2.16,3.29,82.69,77.73,72.17
Thailand,THA,East Asia & Pacific,Upper-Middle Income,2020,86.86,84.7,87.07,99.76,29.68,130.63,43.32,84.65,2.56,37.71,2.03,3.47,82.74,78.17,72.75
Thailand,THA,East Asia & Pacific,Upper-Middle Income,2021,85.66,87.54,87.17,101.22,30.8,136.84,44.42,86.36,5.58,39.15,2.07,3.7,82.93,78.42,73.32
Thailand,THA,East Asia & Pacific,Upper-Middle Income,2022,88.36,87.53,89.11,104.25,32.29,152.1,47.37,86.19,13.79,38.16,2.0,3.31,83.15,78.78,73.89
Thailand,THA,East Asia & Pacific,Upper-Middle Income,2023,90.89,90.47,90.74,105.17,32.61,157.88,51.79,88.14,19.64,36.63,1.9,3.18,83.27,79.02,74.46
Thailand,THA,East Asia & Pacific,Upper-Middle Income,2024,91.7,90.88,93.19,107.98,32.82,168.3,53.58,89.4,24.3,34.08,1.77,3.11,83.63,79.22,75.04
Thailand,THA,East Asia & Pacific,Upper-Middle Income,2025,92.6,93.56,94.91,110.13,32.19,171.05,54.39,90.06,31.91,34.95,1.73,3.08,83.79,79.59,75.61
Indonesia,IDN,East Asia & Pacific,Lower-Middle Income,2018,38.83,40.46,45.42,104.84,14.29,39.82,23.44,83.78,0.0,26.5,4.2,5.69,72.01,47.81,275.5
Indonesia,IDN,East Asia & Pacific,Lower-Middle Income,2019,38.48,39.65,47.02,106.1,15.53,40.29,26.7,84.35,0.0,26.34,4.04,5.3,72.27,47.91,277.7
Indonesia,IDN,East Asia & Pacific,Lower-Middle Income,2020,42.47,42.6,47.07,110.71,16.01,44.02,28.21,85.58,0.0,26.07,3.84,5.28,72.65,48.36,279.91
Indonesia,IDN,East Asia & Pacific,Lower-Middle Income,2021,42.44,44.22,49.8,107.78,16.56,49.32,32.05,88.92,0.0,25.93,3.77,5.27,72.74,48.59,282.11
Indonesia,IDN,East Asia & Pacific,Lower-Middle Income,2022,44.56,44.32,49.25,112.28,17.25,47.96,30.73,89.2,4.1,23.71,3.51,4.91,73.04,48.9,284.32
Indonesia,IDN,East Asia & Pacific,Lower-Middle Income,2023,46.15,46.37,54.92,115.01,17.52,53.43,33.74,90.12,4.88,22.65,3.48,4.84,73.13,49.17,286.52
Indonesia,IDN,East Asia & Pacific,Lower-Middle Income,2024,47.78,48.93,53.82,115.61,18.28,55.53,35.87,92.09,9.21,23.09,3.25,4.8,73.46,49.43,288.72
Indonesia,IDN,East Asia & Pacific,Lower-Middle Income,2025,50.48,50.19,56.31,116.05,18.97,60.29,36.82,91.72,9.76,23.74,2.95,4.42,73.6,49.83,290.93
Vietnam,VNM,East Asia & Pacific,Lower-Middle Income,2018,41.4,58.72,56.24,80.78,17.77,30.31,33.07,85.14,0.0,32.15,1.58,8.1,78.93,43.45,98.2
Vietnam,VNM,East Asia & Pacific,Lower-Middle Income,2019,44.69,59.72,56.41,83.39,18.53,35.32,36.79,87.23,0.0,31.5,1.49,7.8,79.07,43.68,98.99
Vietnam,VNM,East Asia & Pacific,Lower-Middle Income,2020,44.42,60.98,59.79,83.34,19.04,37.05,36.55,87.9,0.0,31.18,1.33,7.79,79.43,43.97,99.77
Vietnam,VNM,East Asia & Pacific,Lower-Middle Income,2021,46.61,61.16,61.28,86.14,20.32,40.74,36.51,88.29,0.09,29.61,1.21,7.3,79.67,44.32,100.56
Vietnam,VNM,East Asia & Pacific,Lower-Middle Income,2022,46.86,62.45,62.09,90.46,21.02,39.53,39.46,89.4,3.06,28.97,1.21,6.99,79.77,44.48,101.34
Vietnam,VNM,East Asia & Pacific,Lower-Middle Income,2023,46.74,66.55,63.9,91.91,20.56,,41.81,90.91,4.58,29.35,1.13,6.68,79.87,44.93,102.13
Vietnam,VNM,East Asia & Pacific,Lower-Middle Income,2024,50.42,66.69,63.01,90.22,21.83,45.94,43.41,92.11,8.21,28.12,1.09,6.86,80.28,45.22,102.91
Vietnam,VNM,East Asia & Pacific,Lower-Middle Income,2025,53.32,69.37,68.04,93.39,22.06,49.14,45.29,93.53,11.72,27.21,1.12,6.44,80.51,45.46,103.7
Philippines,PHL,East Asia & Pacific,Lower-Middle Income,2018,35.81,57.93,58.71,95.05,17.85,48.8,17.97,70.09,0.0,22.36,3.97,3.45,77.28,58.03,115.6
Philippines,PHL,East Asia & Pacific,Lower-Middle Income,2019,37.46,60.22,61.46,93.75,18.96,53.38,19.86,71.81,0.0,21.79,3.71,3.33,77.61,58.44,116.52
Philippines,PHL,East Asia & Pacific,Lower-Middle Income,2020,38.64,62.2,61.48,95.89,19.69,54.16,22.93,71.72,0.0,23.05,3.68,3.37,77.8,58.46,117.45
Philippines,PHL,East Asia & Pacific,Lower-Middle Income,2021,40.8,64.2,63.52,100.33,20.04,54.11,26.88,72.69,0.68,19.91,3.52,2.95,77.7,58.8,118.37
Philippines,PHL,East Asia & Pacific,Lower-Middle Income,2022,42.64,65.48,65.25,100.74,20.69,61.81,22.87,74.46,2.6,20.37,3.38,3.0,78.12,59.22,119.3
Philippines,PHL,East Asia & Pacific,Lower-Middle Income,2023,44.19,68.37,66.01,102.83,20.83,63.65,26.61,75.32,6.41,21.08,3.01,2.69,78.41,59.29,120.22
Philippines,PHL,East Asia & Pacific,Lower-Middle Income,2024,44.76,69.15,68.19,103.32,21.24,71.25,28.3,75.71,8.45,18.55,2.97,2.82,78.66,59.77,121.15
Philippines,PHL,East Asia & Pacific,Lower-Middle Income,2025,45.67,69.65,69.49,107.22,22.62,75.83,27.03,76.25,12.22,19.66,2.8,2.73,,60.03,122.07
Mongolia,MNG,East Asia & Pacific,Lower-Middle Income,2018,60.11,44.91,65.53,76.09,17.16,,26.53,83.23,0.0,20.32,1.93,6.99,81.16,53.71,3.4
Mongolia,MNG,East Asia & Pacific,Lower-Middle Income,2019,61.7,47.14,67.13,78.94,18.53,26.5,29.47,83.85,0.0,19.39,1.85,6.78,81.75,54.14,3.43
Mongolia,MNG,East Asia & Pacific,Lower-Middle Income,2020,62.73,47.24,67.82,79.04,19.12,25.28,29.86,85.29,0.0,18.53,1.8,6.46,81.87,54.44,3.45
Mongolia,MNG,East Asia & Pacific,Lower-Middle Income,2021,64.9,49.44,70.38,83.47,18.97,31.36,31.48,86.93,0.0,19.27,1.74,6.34,82.05,54.81,3.48
Mongolia,MNG,East Asia & Pacific,Lower-Middle Income,2022,65.05,52.42,70.72,85.07,19.7,31.95,34.65,86.59,2.29,17.78,1.56,6.34,82.26,54.91,3.51
Mongolia,MNG,East Asia & Pacific,Lower-Middle Income,2023,65.78,52.6,73.47,85.26,20.64,32.63,35.12,88.17,6.62,16.69,1.51,6.32,82.46,55.3,3.54
Mongolia,MNG,East Asia & Pacific,Lower-Middle Income,2024,68.24,55.07,74.22,86.33,21.05,33.97,36.77,89.4,7.88,17.62,1.5,5.78,82.72,55.56,3.56
Mongolia,MNG,East Asia & Pacific,Lower-Middle Income,2025,71.49,54.63,76.82,90.11,21.58,34.67,38.37,89.11,11.67,18.94,1.34,5.48,82.84,55.77,3.59
Cambodia,KHM,East Asia & Pacific,Lower-Middle Income,2018,53.32,52.14,46.2,86.91,7.49,52.26,31.92,72.57,0.0,27.66,4.63,3.87,77.83,49.12,16.8
Cambodia,KHM,East Asia & Pacific,Lower-Middle Income,2019,55.72,53.68,49.36,88.05,7.22,53.72,33.84,72.99,0.0,27.32,4.51,4.02,77.96,49.47,16.93
Cambodia,KHM,East Asia & Pacific,Lower-Middle Income,2020,58.61,55.97,49.69,88.98,7.88,61.41,36.95,74.07,0.0,26.36,4.33,3.37,78.1,49.87,17.07
Cambodia,KHM,East Asia & Pacific,Lower-Middle Income,2021,59.8,55.67,51.84,89.05,8.47,65.2,37.61,75.68,0.46,25.95,4.11,3.86,78.43,50.26,17.2
Cambodia,KHM,East Asia & Pacific,Lower-Middle Income,2022,59.46,57.35,52.78,91.42,9.6,67.75,40.56,75.98,2.53,26.68,4.03,3.35,78.73,50.54,17.34
Cambodia,KHM,East Asia & Pacific,Lower-Middle Income,2023,62.81,58.05,57.62,96.15,10.1,72.72,41.71,77.22,5.91,24.33,3.83,3.23,78.79,50.59,17.47
Cambodia,KHM,East Asia & Pacific,Lower-Middle Income,2024,62.38,60.05,56.48,99.9,10.75,,44.63,78.72,8.24,24.02,3.79,3.38,79.08,50.92,17.61
Cambodia,KHM,East Asia & Pacific,Lower-Middle Income,2025,63.93,62.55,59.37,98.51,11.44,80.82,46.76,79.3,11.3,24.83,3.47,3.08,79.32,51.33,17.74
Laos,LAO,East Asia & Pacific,Lower-Middle Income,2018,51.12,35.93,66.07,109.64,13.12,43.92,42.39,79.4,0.0,19.16,3.39,6.48,73.64,56.96,7.5
Laos,LAO,East Asia & Pacific,Lower-Middle Income,2019,52.61,35.76,67.54,110.55,13.85,44.84,47.55,80.81,0.0,17.87,3.17,6.17,73.63,57.36,7.56
Laos,LAO,East Asia & Pacific,Lower-Middle Income,2020,54.18,38.52,70.28,109.72,13.91,49.57,49.1,82.59,0.0,19.45,3.02,6.0,73.85,57.61,7.62
Laos,LAO,East Asia & Pacific,Lower-Middle Income,2021,55.64,39.61,71.0,113.35,15.05,52.55,50.53,83.28,0.0,18.74,2.88,5.76,74.0,58.02,7.68
Laos,LAO,East Asia & Pacific,Lower-Middle Income,2022,58.37,41.39,73.28,117.55,15.45,57.78,53.97,84.9,2.95,17.27,2.86,5.63,74.22,58.2,7.74
Laos,LAO,East Asia & Pacific,Lower-Middle Income,2023,58.18,41.1,73.35,118.74,15.98,63.44,57.43,85.89,5.12,17.62,2.64,5.43,74.43,58.47,7.8
Laos,LAO,East Asia & Pacific,Lower-Middle Income,2024,60.59,43.12,75.97,119.88,17.08,62.84,60.34,86.26,8.51,,2.5,5.37,,58.92,7.86
Laos,LAO,East Asia & Pacific,Lower-Middle Income,2025,61.93,46.19,77.33,122.11,17.1,68.73,63.28,86.97,11.97,17.36,2.38,5.13,74.68,59.31,7.92
Myanmar,MMR,East Asia & Pacific,Lower-Middle Income,2018,62.86,63.02,54.47,76.68,19.13,48.07,18.09,86.63,0.0,39.04,2.98,6.48,72.73,34.0,54.2
Myanmar,MMR,East Asia & Pacific,Lower-Middle Income,2019,62.65,64.7,54.39,79.74,19.82,54.26,20.11,87.77,0.0,37.88,2.87,6.12,73.03,34.17,54.63
Myanmar,MMR,East Asia & Pacific,Lower-Middle Income,2020,65.46,67.02,55.27,79.19,20.8,54.33,19.03,87.78,0.0,36.99,2.87,5.92,73.2,34.43,55.07
Myanmar,MMR,East Asia & Pacific,Lower-Middle Income,2021,67.59,67.94,58.62,82.97,20.98,64.74,23.03,87.91,0.26,35.85,2.67,5.82,73.48,34.72,55.5
Myanmar,MMR,East Asia & Pacific,Lower-Middle Income,2022,68.24,68.99,61.55,82.96,22.54,65.82,23.59,89.57,1.59,35.51,2.58,5.43,73.66,35.06,55.93
Myanmar,MMR,East Asia & Pacific,Lower-Middle Income,2023,69.69,70.71,62.66,88.22,22.32,68.75,24.52,92.31,5.09,34.0,2.38,5.57,73.7,35.29,56.37
Myanmar,MMR,East Asia & Pacific,Lower-Middle Income,2024,71.81,73.2,63.71,87.2,22.84,72.45,25.44,91.68,7.3,33.08,2.33,5.33,74.14,35.65,56.8
Myanmar,MMR,East Asia & Pacific,Lower-Middle Income,2025,71.38,75.09,66.8,88.3,23.48,78.04,27.0,93.14,12.31,32.12,2.1,4.98,74.18,35.93,57.24
Fiji,FJI,East Asia & Pacific,Upper-Middle Income,2018,66.89,82.01,63.65,105.47,23.11,81.73,77.1,86.98,0.0,31.65,2.92,2.51,83.65,66.54,0.9
Fiji,FJI,East Asia & Pacific,Upper-Middle Income,2019,68.15,82.55,63.08,109.5,23.61,87.0,78.95,88.45,0.0,29.59,2.55,2.68,84.02,66.74,0.91
Fiji,FJI,East Asia & Pacific,Upper-Middle Income,2020,69.23,83.22,64.4,111.74,24.34,88.58,86.23,88.91,0.0,,2.43,2.54,84.07,67.05,0.91
Fiji,FJI,East Asia & Pacific,Upper-Middle Income,2021,71.22,86.2,67.32,112.57,25.25,101.94,91.96,88.85,7.29,29.01,2.63,2.69,84.37,67.39,0.92
Fiji,FJI,East Asia & Pacific,Upper-Middle Income,2022,72.56,88.53,67.2,112.34,26.05,108.13,96.27,91.84,13.46,27.12,2.13,2.14,84.55,67.74,0.93
Fiji,FJI,East Asia & Pacific,Upper-Middle Income,2023,74.22,89.32,70.36,115.54,26.16,108.85,102.12,91.84,19.48,26.08,2.23,2.4,84.8,67.84,0.94
Fiji,FJI,East Asia & Pacific,Upper-Middle Income,2024,76.15,91.02,70.68,118.07,27.36,117.75,109.3,93.53,22.29,25.83,1.99,2.22,85.06,68.17,0.94
Fiji,FJI,East Asia & Pacific,Upper-Middle Income,2025,77.83,92.76,72.65,118.79,27.51,128.68,112.99,94.1,28.6,24.63,1.89,2.09,85.42,68.55,0.95
Papua New Guinea,PNG,East Asia & Pacific,Lower-Middle Income,2018,35.73,39.39,55.61,89.27,17.84,32.74,31.34,78.12,0.0,16.66,3.78,4.11,88.07,36.94,10.1
Papua New Guinea,PNG,East Asia & Pacific,Lower-Middle Income,2019,38.27,41.02,55.43,89.49,18.58,31.31,34.81,79.29,0.0,16.2,3.65,3.97,88.21,37.36,10.18
Papua New Guinea,PNG,East Asia & Pacific,Lower-Middle Income,2020,39.62,44.04,58.33,93.04,19.81,36.57,35.12,80.54,0.0,16.06,3.37,3.92,88.47,37.52,10.26
Papua New Guinea,PNG,East Asia & Pacific,Lower-Middle Income,2021,41.64,43.73,57.71,95.09,20.33,39.02,40.43,81.66,0.12,15.32,3.12,3.74,88.75,37.92,10.34
Papua New Guinea,PNG,East Asia & Pacific,Lower-Middle Income,2022,41.24,46.4,60.08,96.44,21.03,43.15,39.74,82.12,3.26,14.63,3.13,3.68,88.7,38.23,10.42
Papua New Guinea,PNG,East Asia & Pacific,Lower-Middle Income,2023,44.59,47.22,62.69,98.85,21.47,42.9,40.21,82.82,5.01,14.27,2.87,3.67,88.87,38.5,10.5
Papua New Guinea,PNG,East Asia & Pacific,Lower-Middle Income,2024,46.8,49.78,63.84,100.77,22.73,43.91,44.04,84.07,7.41,13.76,2.75,3.47,89.16,38.84,10.58
Papua New Guinea,PNG,East Asia & Pacific,Lower-Middle Income,2025,47.36,,65.81,100.04,23.46,48.83,48.15,85.7,10.36,15.25,2.6,3.4,89.49,39.16,10.67
Brunei,BRN,East Asia & Pacific,High Income,2018,87.14,83.26,95.1,135.25,42.08,91.68,117.22,95.21,0.0,56.29,0.69,0.71,90.31,84.24,0.45
Brunei,BRN,East Asia & Pacific,High Income,2019,88.64,86.43,98.44,135.74,42.85,100.8,125.6,95.81,0.0,55.48,0.59,0.93,90.7,84.57,0.45
Brunei,BRN,East Asia & Pacific,High Income,2020,90.18,87.69,99.0,141.04,43.24,109.3,134.32,98.08,11.87,54.82,0.54,0.7,90.84,84.93,0.46
Brunei,BRN,East Asia & Pacific,High Income,2021,91.67,88.28,99.0,140.78,43.32,115.49,142.06,96.89,23.67,53.18,0.63,0.64,91.02,85.11,0.46
Brunei,BRN,East Asia & Pacific,High Income,2022,93.58,88.47,99.0,141.38,44.25,127.29,147.92,98.21,33.88,49.93,0.42,0.87,91.12,85.65,0.46
Brunei,BRN,East Asia & Pacific,High Income,2023,95.14,91.35,99.0,143.31,45.0,132.77,159.54,99.86,42.02,50.23,0.45,0.69,91.44,85.77,0.47
Brunei,BRN,East Asia & Pacific,High Income,2024,97.14,93.83,99.0,145.45,46.02,139.65,168.63,99.9,56.5,48.72,0.5,0.74,91.46,86.06,0.47
Brunei,BRN,East Asia & Pacific,High Income,2025,97.47,93.15,99.0,148.62,45.76,144.92,174.8,99.9,67.68,49.85,0.58,0.52,91.96,86.45,0.48
Timor-Leste,TLS,East Asia & Pacific,Lower-Middle Income,2018,50.86,36.12,62.37,89.95,12.23,32.43,27.64,77.02,0.0,20.71,1.79,7.63,87.48,44.81,1.3
Timor-Leste,TLS,East Asia & Pacific,Lower-Middle Income,2019,51.78,38.23,65.42,90.81,13.74,33.6,28.41,78.59,0.0,20.11,1.73,7.38,87.78,44.99,1.31
Timor-Leste,TLS,East Asia & Pacific,Lower-Middle Income,2020,52.14,38.4,66.64,93.56,13.66,39.87,31.82,78.0,0.0,18.86,1.63,7.15,87.84,45.3,1.32
Timor-Leste,TLS,East Asia & Pacific,Lower-Middle Income,2021,54.87,40.52,68.7,96.21,14.29,45.28,30.76,79.13,0.77,17.66,1.48,6.96,87.99,45.58,1.33
Timor-Leste,TLS,East Asia & Pacific,Lower-Middle Income,2022,56.9,43.55,69.72,100.51,14.65,44.98,32.97,80.88,2.6,18.37,1.43,6.8,88.36,45.86,1.34
Timor-Leste,TLS,East Asia & Pacific,Lower-Middle Income,2023,57.24,44.18,70.6,98.6,14.9,51.92,37.32,81.91,7.11,18.65,1.37,6.66,88.68,46.12,1.35
Timor-Leste,TLS,East Asia & Pacific,Lower-Middle Income,2024,58.31,43.44,71.72,100.56,16.01,51.13,39.93,82.43,8.59,16.33,1.31,6.42,88.61,46.42,1.36
Timor-Leste,TLS,East Asia & Pacific,Lower-Middle Income,2025,60.62,47.69,76.78,102.47,17.3,49.71,39.55,83.35,10.83,17.76,1.23,5.83,88.79,46.85,1.37
Samoa,WSM,East Asia & Pacific,Lower-Middle Income,2018,40.35,54.04,51.74,73.63,6.03,45.07,33.06,62.8,0.0,22.29,1.94,6.85,62.46,35.53,0.2
Samoa,WSM,East Asia & Pacific,Lower-Middle Income,2019,41.46,55.78,52.85,72.78,6.82,48.97,37.12,62.95,0.0,21.01,1.9,6.49,62.59,36.02,0.2
Samoa,WSM,East Asia & Pacific,Lower-Middle Income,2020,43.76,57.65,54.13,76.73,8.09,50.41,36.77,64.91,0.0,21.38,1.72,6.27,63.16,36.09,0.2
Samoa,WSM,East Asia & Pacific,Lower-Middle Income,2021,45.34,59.46,54.68,77.62,8.76,55.77,40.17,66.45,0.68,20.23,1.76,6.45,63.03,36.48,0.2
Samoa,WSM,East Asia & Pacific,Lower-Middle Income,2022,46.56,61.62,60.64,79.0,8.89,58.73,43.31,66.85,2.73,20.54,1.71,5.76,63.34,36.74,0.21
Samoa,WSM,East Asia & Pacific,Lower-Middle Income,2023,47.43,63.7,62.26,82.67,9.74,62.51,47.64,66.24,5.6,19.14,1.55,5.91,63.53,37.01,0.21
Samoa,WSM,East Asia & Pacific,Lower-Middle Income,2024,49.85,63.02,59.97,86.54,10.23,65.37,50.56,68.79,9.33,20.16,1.36,5.61,63.9,37.26,0.21
Samoa,WSM,East Asia & Pacific,Lower-Middle Income,2025,51.63,65.6,61.8,86.02,10.6,68.66,50.29,69.91,11.94,18.21,1.25,5.3,64.01,37.61,0.21
Chile,CHL,Latin America & Caribbean,High Income,2018,95.16,84.48,87.89,124.15,32.05,229.15,115.7,98.5,0.0,54.08,1.04,1.59,92.03,79.61,19.5
Chile,CHL,Latin America & Caribbean,High Income,2019,95.49,85.52,91.32,126.76,32.45,248.04,123.37,99.28,2.67,53.59,1.09,1.52,92.0,80.01,19.66
Chile,CHL,Latin America & Caribbean,High Income,2020,97.85,89.57,92.57,127.5,32.85,263.76,129.84,99.9,11.85,53.49,1.13,1.28,92.4,80.32,19.81
Chile,CHL,Latin America & Caribbean,High Income,2021,98.8,90.64,93.85,130.5,33.93,283.26,140.1,99.9,20.93,50.89,0.8,1.46,92.72,80.47,19.97
Chile,CHL,Latin America & Caribbean,High Income,2022,99.5,91.09,97.56,133.51,34.72,299.06,146.09,99.9,32.5,49.96,0.94,1.33,92.94,80.86,20.12
Chile,CHL,Latin America & Caribbean,High Income,2023,99.5,93.05,98.22,131.99,34.59,322.06,153.74,99.9,41.9,48.29,0.83,1.22,92.89,81.11,20.28
Chile,CHL,Latin America & Caribbean,High Income,2024,99.5,94.82,98.21,137.21,35.38,334.18,162.24,99.9,58.96,46.34,0.64,1.27,93.29,81.43,20.44
Chile,CHL,Latin America & Caribbean,High Income,2025,99.5,96.14,99.0,137.8,36.43,349.88,171.86,99.9,69.54,45.68,0.7,0.97,93.44,81.73,20.59
Brazil,BRA,Latin America & Caribbean,Upper-Middle Income,2018,81.05,63.41,63.18,100.08,16.52,52.19,59.6,89.27,0.0,44.76,2.94,2.4,84.35,64.17,214.3
Brazil,BRA,Latin America & Caribbean,Upper-Middle Income,2019,84.0,61.94,64.12,102.21,17.29,59.76,63.37,87.88,0.0,43.56,2.8,2.34,84.61,64.34,216.01
Brazil,BRA,Latin America & Caribbean,Upper-Middle Income,2020,83.69,65.19,68.59,106.93,16.81,62.86,69.98,90.19,0.03,44.25,2.77,2.38,84.79,64.77,217.73
Brazil,BRA,Latin America & Caribbean,Upper-Middle Income,2021,85.57,66.78,67.21,105.87,18.66,68.0,69.37,89.76,5.79,43.03,2.59,1.99,84.95,65.08,219.44
Brazil,BRA,Latin America & Caribbean,Upper-Middle Income,2022,88.46,69.69,69.76,109.64,19.0,68.38,76.76,91.82,9.08,40.83,2.43,2.03,85.17,65.33,221.16
Brazil,BRA,Latin America & Caribbean,Upper-Middle Income,2023,89.2,69.51,73.11,108.47,19.72,77.93,78.52,93.02,16.55,40.09,2.52,2.17,85.45,65.5,222.87
Brazil,BRA,Latin America & Caribbean,Upper-Middle Income,2024,90.45,72.0,73.74,111.0,20.21,77.98,80.89,93.46,24.29,38.34,2.28,1.84,85.52,66.05,224.59
Brazil,BRA,Latin America & Caribbean,Upper-Middle Income,2025,91.96,72.17,75.79,114.87,20.94,86.79,84.57,94.98,27.98,38.56,2.15,2.26,85.8,66.24,226.3
Mexico,MEX,Latin America & Caribbean,Upper-Middle Income,2018,75.06,69.23,76.75,107.36,26.73,71.47,43.3,94.89,0.0,40.56,1.0,3.86,88.09,80.61,127.5
Mexico,MEX,Latin America & Caribbean,Upper-Middle Income,2019,75.46,69.57,76.24,112.65,26.36,79.07,46.11,96.68,0.0,42.03,1.17,3.38,88.46,80.82,128.52
Mexico,MEX,Latin America & Caribbean,Upper-Middle Income,2020,77.07,71.51,78.35,112.16,26.52,82.07,47.61,96.66,0.0,40.04,1.03,3.67,88.8,81.22,129.54
Mexico,MEX,Latin America & Caribbean,Upper-Middle Income,2021,78.38,73.08,80.54,115.35,27.66,92.8,53.01,97.84,3.55,37.24,1.03,3.26,88.93,81.43,130.56
Mexico,MEX,Latin America & Caribbean,Upper-Middle Income,2022,79.22,73.4,81.46,116.77,27.85,97.76,53.37,99.15,13.91,37.01,0.91,3.4,89.01,81.82,131.58
Mexico,MEX,Latin America & Caribbean,Upper-Middle Income,2023,81.6,76.77,83.61,119.96,28.64,102.82,57.6,99.9,17.76,37.51,0.68,3.34,89.28,82.15,132.6
Mexico,MEX,Latin America & Caribbean,Upper-Middle Income,2024,80.87,77.17,86.07,120.64,29.22,109.37,61.2,99.9,25.82,36.64,0.87,3.06,89.58,82.44,133.62
Mexico,MEX,Latin America & Caribbean,Upper-Middle Income,2025,83.39,78.49,87.89,123.67,30.5,116.57,63.98,99.9,28.23,35.43,0.67,3.12,89.65,82.56,134.64
Argentina,ARG,Latin America & Caribbean,Upper-Middle Income,2018,78.95,72.64,62.42,103.34,25.76,90.31,40.09,84.41,0.0,44.28,3.44,2.84,82.84,60.85,45.8
Argentina,ARG,Latin America & Caribbean,Upper-Middle Income,2019,80.03,73.47,63.33,104.19,26.65,93.58,44.86,85.01,0.0,43.11,3.27,2.99,83.1,61.22,46.17
Argentina,ARG,Latin America & Caribbean,Upper-Middle Income,2020,81.29,75.11,64.81,105.27,26.74,104.04,47.43,86.62,0.29,41.81,3.21,2.48,83.15,61.19,46.53
Argentina,ARG,Latin America & Caribbean,Upper-Middle Income,2021,82.65,75.74,67.78,109.48,27.43,102.64,49.82,87.15,7.22,42.18,3.13,2.68,83.49,61.55,46.9
Argentina,ARG,Latin America & Caribbean,Upper-Middle Income,2022,85.64,78.39,68.35,110.27,28.03,116.08,52.12,87.97,13.77,38.57,2.73,2.76,83.57,61.88,47.27
Argentina,ARG,Latin America & Caribbean,Upper-Middle Income,2023,86.39,80.3,73.18,114.69,28.47,124.33,56.51,88.94,16.64,39.4,2.74,2.42,83.84,62.29,47.63
Argentina,ARG,Latin America & Caribbean,Upper-Middle Income,2024,88.23,81.34,72.08,115.59,29.87,124.69,58.65,89.1,23.42,38.17,2.6,2.24,84.01,62.57,48.0
Argentina,ARG,Latin America & Caribbean,Upper-Middle Income,2025,89.42,84.22,74.44,114.82,29.76,134.36,61.33,90.92,29.97,36.89,2.55,2.23,84.22,62.99,48.36
Colombia,COL,Latin America & Caribbean,Upper-Middle Income,2018,59.46,84.92,64.98,117.55,21.8,76.65,62.03,94.8,0.0,27.53,0.7,2.17,95.38,80.08,51.5
Colombia,COL,Latin America & Caribbean,Upper-Middle Income,2019,61.94,85.3,68.16,121.06,22.08,88.33,66.5,93.85,0.0,24.9,0.75,1.6,95.47,80.42,51.91
Colombia,COL,Latin America & Caribbean,Upper-Middle Income,2020,61.89,86.81,67.71,120.59,21.31,97.58,70.39,96.21,0.58,24.62,0.69,1.79,95.85,80.57,52.32
Colombia,COL,Latin America & Caribbean,Upper-Middle Income,2021,63.01,89.91,70.01,120.89,22.34,98.26,76.07,97.14,0.82,24.17,0.65,1.56,95.86,80.97,52.74
Colombia,COL,Latin America & Caribbean,Upper-Middle Income,2022,64.43,90.17,71.56,122.27,23.07,108.92,79.11,97.11,10.79,24.29,0.57,1.72,96.04,81.07,53.15
Colombia,COL,Latin America & Caribbean,Upper-Middle Income,2023,66.59,92.59,72.59,126.21,23.78,115.21,83.81,98.24,16.94,23.42,0.68,1.72,96.21,81.4,53.56
Colombia,COL,Latin America & Caribbean,Upper-Middle Income,2024,65.85,93.84,73.89,128.14,24.41,119.94,87.04,99.6,22.69,22.67,0.67,1.61,96.53,81.66,53.97
Colombia,COL,Latin America & Caribbean,Upper-Middle Income,2025,69.33,95.29,76.17,130.17,25.69,128.65,91.03,99.9,31.09,21.4,0.54,1.43,96.59,82.13,54.38
Peru,PER,Latin America & Caribbean,Upper-Middle Income,2018,74.09,76.87,77.58,99.74,33.03,69.73,47.6,88.68,0.0,20.57,1.08,3.53,81.38,71.33,33.7
Peru,PER,Latin America & Caribbean,Upper-Middle Income,2019,74.03,79.41,77.8,101.26,33.03,79.0,49.34,90.23,0.0,19.59,0.93,3.28,81.65,71.54,33.97
Peru,PER,Latin America & Caribbean,Upper-Middle Income,2020,76.52,80.68,79.5,103.6,32.94,83.12,54.32,90.56,0.6,19.87,1.21,2.92,81.83,71.9,34.24
Peru,PER,Latin America & Caribbean,Upper-Middle Income,2021,78.02,81.91,80.0,103.97,33.84,86.0,58.4,92.62,7.6,,1.08,2.97,82.16,72.18,34.51
Peru,PER,Latin America & Caribbean,Upper-Middle Income,2022,79.6,83.74,83.54,105.84,35.38,90.68,61.32,93.65,15.14,19.24,0.96,3.01,82.23,72.55,34.78
Peru,PER,Latin America & Caribbean,Upper-Middle Income,2023,80.91,85.23,85.26,109.44,35.78,103.71,64.27,93.94,18.67,20.13,0.94,3.16,82.48,72.78,35.05
Peru,PER,Latin America & Caribbean,Upper-Middle Income,2024,82.86,85.15,86.62,111.54,36.37,106.34,68.4,95.36,22.1,18.59,0.9,2.7,82.43,73.19,35.32
Peru,PER,Latin America & Caribbean,Upper-Middle Income,2025,84.49,86.67,87.83,113.95,36.46,111.14,70.6,95.82,31.66,16.35,0.8,2.79,82.98,73.31,35.59
Ecuador,ECU,Latin America & Caribbean,Upper-Middle Income,2018,64.61,71.1,66.69,107.41,29.56,61.96,57.65,88.8,0.0,38.91,3.22,3.44,83.64,52.96,17.8
Ecuador,ECU,Latin America & Caribbean,Upper-Middle Income,2019,65.76,72.09,70.53,110.22,29.4,68.13,61.3,88.15,0.0,37.77,3.18,3.39,83.88,53.24,17.94
Ecuador,ECU,Latin America & Caribbean,Upper-Middle Income,2020,67.59,75.47,72.07,113.97,30.06,72.82,64.6,91.19,0.46,36.77,2.99,3.07,84.1,53.49,18.08
Ecuador,ECU,Latin America & Caribbean,Upper-Middle Income,2021,69.06,75.71,73.69,112.73,30.92,73.31,68.6,92.25,6.99,34.27,2.95,3.01,84.19,53.88,18.23
Ecuador,ECU,Latin America & Caribbean,Upper-Middle Income,2022,69.65,78.41,75.35,115.94,31.2,83.42,73.56,92.98,14.44,35.36,2.87,2.97,84.48,54.08,18.37
Ecuador,ECU,Latin America & Caribbean,Upper-Middle Income,2023,72.73,80.48,76.14,115.37,31.42,86.69,76.84,93.34,20.44,34.49,2.71,2.96,84.52,54.35,18.51
Ecuador,ECU,Latin America & Caribbean,Upper-Middle Income,2024,73.75,81.42,77.57,119.31,32.94,92.52,82.24,93.6,25.09,33.49,2.43,2.91,84.68,54.83,18.65
Ecuador,ECU,Latin America & Caribbean,Upper-Middle Income,2025,74.64,81.93,80.9,118.35,33.69,,86.71,96.33,30.48,32.55,2.27,2.45,85.24,55.07,18.8
Uruguay,URY,Latin America & Caribbean,High Income,2018,84.58,90.92,76.89,135.89,42.07,127.92,120.75,92.77,0.0,28.76,1.78,1.13,96.77,83.34,3.4
Uruguay,URY,Latin America & Caribbean,High Income,2019,86.77,93.24,79.7,137.88,42.66,136.94,127.12,95.63,0.0,25.52,1.59,1.19,97.03,83.7,3.43
Uruguay,URY,Latin America & Caribbean,High Income,2020,88.17,93.9,82.18,137.96,43.04,147.73,135.65,97.1,7.1,25.38,1.36,0.99,97.4,83.9,3.45
Uruguay,URY,Latin America & Caribbean,High Income,2021,89.78,95.08,85.93,140.59,43.9,159.59,145.05,97.26,26.23,25.74,1.56,1.06,97.35,84.36,3.48
Uruguay,URY,Latin America & Caribbean,High Income,2022,90.92,99.8,87.45,143.6,45.48,165.59,153.6,98.67,29.46,25.79,1.37,1.32,97.58,84.47,3.51
Uruguay,URY,Latin America & Caribbean,High Income,2023,93.53,99.8,87.99,143.56,45.14,177.13,160.2,99.57,46.58,25.3,1.41,1.06,97.62,84.71,3.54
Uruguay,URY,Latin America & Caribbean,High Income,2024,93.23,99.8,88.27,147.38,45.52,187.16,169.72,99.9,57.04,23.84,1.44,0.95,98.04,85.14,3.56
Uruguay,URY,Latin America & Caribbean,High Income,2025,94.74,99.8,91.13,147.46,46.06,,178.46,99.9,66.48,23.68,1.11,0.84,98.26,85.36,3.59
Costa Rica,CRI,Latin America & Caribbean,Upper-Middle Income,2018,63.68,82.83,78.43,123.64,20.77,82.12,47.23,83.31,0.0,45.53,1.1,4.07,87.56,58.0,5.2
Costa Rica,CRI,Latin America & Caribbean,Upper-Middle Income,2019,64.91,82.01,80.92,124.28,20.71,89.0,49.66,84.11,0.0,43.74,1.01,3.81,87.75,58.09,5.24
Costa Rica,CRI,Latin America & Caribbean,Upper-Middle Income,2020,67.11,84.96,82.76,126.42,21.95,97.96,54.67,85.45,0.0,44.19,1.02,3.97,88.06,58.59,5.28
Costa Rica,CRI,Latin America & Caribbean,Upper-Middle Income,2021,69.18,85.43,85.51,125.27,22.98,105.4,56.25,86.52,6.63,41.9,1.07,3.71,88.41,58.89,5.32
Costa Rica,CRI,Latin America & Caribbean,Upper-Middle Income,2022,70.33,88.09,87.52,130.54,23.48,113.55,57.45,87.56,13.88,42.47,0.8,3.79,88.46,59.15,5.37
Costa Rica,CRI,Latin America & Caribbean,Upper-Middle Income,2023,72.28,89.36,87.13,131.78,24.29,120.6,62.47,89.08,16.67,42.69,0.81,3.26,88.47,59.34,5.41
Costa Rica,CRI,Latin America & Caribbean,Upper-Middle Income,2024,74.17,91.75,89.22,136.4,24.4,123.94,64.88,89.23,24.45,39.26,0.78,3.38,88.73,59.67,5.45
Costa Rica,CRI,Latin America & Caribbean,Upper-Middle Income,2025,74.23,93.03,92.11,134.84,25.01,129.29,70.9,90.8,30.07,39.07,0.78,3.1,88.97,59.99,5.49
Panama,PAN,Latin America & Caribbean,High Income,2018,90.15,96.6,90.81,146.29,43.46,134.41,125.99,96.3,0.0,41.68,0.56,1.88,99.51,73.0,4.4
Panama,PAN,Latin America & Caribbean,High Income,2019,91.93,97.34,93.22,148.84,44.02,146.18,134.8,96.63,0.0,40.18,0.69,1.73,99.61,73.32,4.44
Panama,PAN,Latin America & Caribbean,High Income,2020,93.09,98.32,93.88,148.85,44.81,155.1,145.72,95.86,14.1,40.39,0.69,1.7,99.8,73.6,4.47
Panama,PAN,Latin America & Caribbean,High Income,2021,92.98,99.8,95.23,150.69,45.12,161.04,154.57,99.66,19.38,40.44,0.66,1.73,99.9,73.98,4.51
Panama,PAN,Latin America & Caribbean,High Income,2022,97.4,99.8,97.72,153.6,45.5,175.23,162.14,99.7,30.5,38.48,0.61,1.85,99.9,74.3,4.54
Panama,PAN,Latin America & Caribbean,High Income,2023,96.89,99.8,99.0,155.56,46.74,188.4,171.1,99.73,44.47,37.58,0.51,2.11,99.9,74.51,4.58
Panama,PAN,Latin America & Caribbean,High Income,2024,99.3,99.8,99.0,160.82,46.45,201.01,180.09,99.9,55.68,38.58,0.52,1.7,99.9,74.78,4.61
Panama,PAN,Latin America & Caribbean,High Income,2025,99.5,99.8,99.0,161.05,46.54,210.92,189.45,99.9,64.73,36.69,0.59,1.81,99.9,75.06,4.65
Dominican Republic,DOM,Latin America & Caribbean,Upper-Middle Income,2018,77.16,86.39,67.1,117.36,32.99,43.01,65.21,85.96,0.0,46.81,3.45,3.83,88.09,79.41,11.1
Dominican Republic,DOM,Latin America & Caribbean,Upper-Middle Income,2019,79.55,86.36,68.65,116.96,33.35,44.65,70.07,86.49,0.0,45.05,3.19,3.95,88.46,79.94,11.19
Dominican Republic,DOM,Latin America & Caribbean,Upper-Middle Income,2020,78.91,87.73,68.8,121.73,33.71,49.72,73.51,88.0,0.0,43.24,3.23,3.74,88.51,80.14,11.28
Dominican Republic,DOM,Latin America & Caribbean,Upper-Middle Income,2021,79.98,88.33,69.5,121.23,34.29,52.59,78.74,89.25,10.63,43.47,2.87,3.65,88.65,80.44,11.37
Dominican Republic,DOM,Latin America & Caribbean,Upper-Middle Income,2022,82.63,89.0,73.62,121.73,34.77,54.43,82.63,90.05,12.38,43.1,2.93,3.57,88.91,80.94,11.46
Dominican Republic,DOM,Latin America & Caribbean,Upper-Middle Income,2023,85.07,92.61,73.58,125.2,34.89,55.26,85.62,91.24,18.19,40.17,2.54,3.66,89.07,81.21,11.54
Dominican Republic,DOM,Latin America & Caribbean,Upper-Middle Income,2024,85.77,93.73,76.93,127.03,35.84,59.66,91.16,92.82,25.89,40.42,2.53,3.46,89.26,81.36,11.63
Dominican Republic,DOM,Latin America & Caribbean,Upper-Middle Income,2025,87.07,95.53,76.35,129.12,36.65,69.12,97.39,92.3,28.39,39.98,2.42,3.32,89.42,81.59,11.72
Guatemala,GTM,Latin America & Caribbean,Upper-Middle Income,2018,79.93,69.97,80.05,89.08,26.93,55.04,32.03,81.88,0.0,37.83,1.67,3.35,80.96,62.09,17.6
Guatemala,GTM,Latin America & Caribbean,Upper-Middle Income,2019,82.34,70.77,82.82,97.04,27.37,65.79,35.92,82.9,0.0,37.46,1.53,3.43,81.2,62.34,17.74
Guatemala,GTM,Latin America & Caribbean,Upper-Middle Income,2020,83.72,72.77,82.67,98.66,27.94,66.09,40.44,84.87,1.37,38.59,1.51,3.04,81.51,62.78,17.88
Guatemala,GTM,Latin America & Caribbean,Upper-Middle Income,2021,84.27,75.22,84.51,99.23,28.98,74.09,41.59,85.92,4.51,36.95,1.35,3.09,81.53,62.88,18.02
Guatemala,GTM,Latin America & Caribbean,Upper-Middle Income,2022,85.94,76.23,87.25,101.34,29.27,73.8,40.93,86.47,11.77,37.1,1.41,3.12,81.82,63.28,18.16
Guatemala,GTM,Latin America & Caribbean,Upper-Middle Income,2023,86.62,77.37,89.1,101.51,29.65,81.94,45.64,88.08,17.84,35.4,1.45,2.98,81.95,63.71,18.3
Guatemala,GTM,Latin America & Caribbean,Upper-Middle Income,2024,90.11,78.56,91.76,104.5,30.74,,48.88,89.02,22.4,34.66,1.17,2.81,82.6,63.9,18.44
Guatemala,GTM,Latin America & Caribbean,Upper-Middle Income,2025,89.99,81.38,91.55,108.12,30.81,88.68,49.99,89.85,27.4,32.26,1.24,2.47,82.55,64.15,18.59
Honduras,HND,Latin America & Caribbean,Lower-Middle Income,2018,49.98,59.82,50.15,98.38,18.2,35.33,21.76,62.83,0.0,,1.02,7.78,76.43,63.85,10.4
Honduras,HND,Latin America & Caribbean,Lower-Middle Income,2019,50.3,61.76,52.72,99.62,18.38,41.58,23.76,64.43,0.0,37.34,1.16,7.57,76.55,64.32,10.48
Honduras,HND,Latin America & Caribbean,Lower-Middle Income,2020,53.04,61.62,51.5,101.23,19.43,47.0,24.19,63.63,0.0,37.4,1.13,7.26,76.6,64.54,10.57
Honduras,HND,Latin America & Caribbean,Lower-Middle Income,2021,54.4,64.81,56.37,101.34,20.22,49.24,26.79,65.46,0.14,36.02,1.01,7.1,77.1,64.94,10.65
Honduras,HND,Latin America & Caribbean,Lower-Middle Income,2022,55.53,64.89,56.9,105.55,20.54,55.72,24.27,67.45,3.42,34.66,0.93,6.59,77.0,65.22,10.73
Honduras,HND,Latin America & Caribbean,Lower-Middle Income,2023,56.8,67.12,58.7,105.29,21.34,55.0,29.54,67.44,5.57,34.47,0.85,6.51,77.31,65.47,10.82
Honduras,HND,Latin America & Caribbean,Lower-Middle Income,2024,57.96,,58.9,109.77,21.37,55.84,29.42,68.44,8.06,34.2,0.74,6.25,77.41,65.68,10.9
Honduras,HND,Latin America & Caribbean,Lower-Middle Income,2025,58.96,69.34,61.62,111.93,22.64,64.52,31.07,70.28,11.32,34.6,0.65,6.25,77.62,66.06,10.98
El Salvador,SLV,Latin America & Caribbean,Upper-Middle Income,2018,79.61,87.13,71.54,125.01,23.02,74.37,61.15,94.73,0.0,46.48,2.94,2.61,87.04,75.53,6.3
El Salvador,SLV,Latin America & Caribbean,Upper-Middle Income,2019,80.49,87.97,72.64,125.95,23.97,79.85,64.9,94.34,0.0,45.7,2.8,2.33,87.42,75.85,6.35
El Salvador,SLV,Latin America & Caribbean,Upper-Middle Income,2020,82.46,87.07,72.43,129.01,23.91,84.26,69.69,96.41,0.0,45.84,2.61,2.32,87.68,76.22,6.4
El Salvador,SLV,Latin America & Caribbean,Upper-Middle Income,2021,82.32,89.96,74.17,129.44,25.76,92.14,73.43,97.46,6.06,44.55,2.48,2.27,87.68,76.6,6.45
El Salvador,SLV,Latin America & Caribbean,Upper-Middle Income,2022,85.19,90.0,76.99,132.13,25.08,105.09,77.08,97.92,12.56,44.66,2.4,2.32,87.89,76.89,6.5
El Salvador,SLV,Latin America & Caribbean,Upper-Middle Income,2023,86.02,94.68,77.76,135.22,26.05,107.43,82.1,98.66,17.87,41.05,2.22,2.0,88.36,76.98,6.55
El Salvador,SLV,Latin America & Caribbean,Upper-Middle Income,2024,88.0,96.72,79.75,134.1,26.87,114.31,87.63,99.9,23.21,42.96,2.26,2.2,88.48,77.58,6.6
El Salvador,SLV,Latin America & Caribbean,Upper-Middle Income,2025,88.67,95.75,81.65,135.66,27.94,116.31,91.97,99.7,29.42,39.86,2.16,2.33,88.33,77.77,6.65
Nicaragua,NIC,Latin America & Caribbean,Lower-Middle Income,2018,40.38,38.23,51.72,82.18,9.22,27.15,15.48,62.8,0.0,40.66,2.59,5.22,80.5,39.33,6.9
Nicaragua,NIC,Latin America & Caribbean,Lower-Middle Income,2019,40.5,39.56,53.02,84.34,9.9,29.25,16.09,63.67,0.0,42.48,2.66,4.98,80.55,39.73,6.96
Nicaragua,NIC,Latin America & Caribbean,Lower-Middle Income,2020,44.32,40.68,52.56,87.35,9.76,28.29,16.6,64.25,0.0,40.93,2.38,4.98,80.97,40.01,7.01
Nicaragua,NIC,Latin America & Caribbean,Lower-Middle Income,2021,44.51,43.34,55.38,89.73,10.83,32.72,18.38,65.46,0.0,38.87,2.51,4.92,80.89,40.32,7.07
Nicaragua,NIC,Latin America & Caribbean,Lower-Middle Income,2022,46.52,44.52,57.7,90.49,10.66,36.59,19.32,65.48,2.42,39.03,2.12,4.45,81.16,40.73,7.12
Nicaragua,NIC,Latin America & Caribbean,Lower-Middle Income,2023,47.56,45.51,59.92,91.41,11.35,,21.97,66.96,6.3,37.63,2.26,4.29,81.29,40.96,7.18
Nicaragua,NIC,Latin America & Caribbean,Lower-Middle Income,2024,47.44,45.98,59.48,95.11,12.48,38.73,24.14,69.17,8.96,35.48,2.07,4.34,81.51,41.36,7.23
Nicaragua,NIC,Latin America & Caribbean,Lower-Middle Income,2025,49.36,50.4,61.82,93.6,12.7,37.79,23.91,68.29,10.22,,2.04,4.13,81.62,41.54,7.29
Bolivia,BOL,Latin America & Caribbean,Lower-Middle Income,2018,62.97,,43.26,89.03,18.61,55.18,29.15,78.75,0.0,20.36,4.9,4.46,87.42,54.14,12.2
Bolivia,BOL,Latin America & Caribbean,Lower-Middle Income,2019,62.95,61.16,43.19,91.66,19.05,58.14,30.86,78.81,0.0,19.45,4.76,4.59,87.68,54.28,12.3
Bolivia,BOL,Latin America & Caribbean,Lower-Middle Income,2020,64.67,62.88,44.59,94.01,19.34,61.16,33.03,80.3,0.0,19.2,4.38,4.07,87.76,54.71,12.4
Bolivia,BOL,Latin America & Caribbean,Lower-Middle Income,2021,68.36,63.43,45.69,94.25,20.34,65.96,34.04,81.09,1.29,18.42,4.37,4.13,88.08,54.97,12.49
Bolivia,BOL,Latin America & Caribbean,Lower-Middle Income,2022,68.72,65.73,51.05,94.06,21.17,69.31,36.36,82.46,3.4,,4.28,3.89,88.39,55.24,12.59
Bolivia,BOL,Latin America & Caribbean,Lower-Middle Income,2023,69.4,67.01,51.66,98.48,20.82,72.74,37.43,83.0,4.49,17.6,3.94,3.92,88.44,55.67,12.69
Bolivia,BOL,Latin America & Caribbean,Lower-Middle Income,2024,71.1,67.73,54.8,100.84,21.91,75.65,39.91,83.36,8.49,17.16,3.72,3.5,88.63,55.89,12.79
Bolivia,BOL,Latin America & Caribbean,Lower-Middle Income,2025,73.49,69.51,54.47,100.46,22.11,84.69,43.25,84.6,10.43,17.57,3.61,3.4,88.94,56.24,12.88
Paraguay,PRY,Latin America & Caribbean,Upper-Middle Income,2018,74.57,75.79,68.44,98.51,20.34,56.48,68.12,87.17,0.0,20.12,3.26,3.63,95.81,83.87,6.7
Paraguay,PRY,Latin America & Caribbean,Upper-Middle Income,2019,76.02,74.53,68.49,100.26,20.73,59.64,72.28,88.92,0.0,21.23,3.24,3.73,96.13,84.21,6.75
Paraguay,PRY,Latin America & Caribbean,Upper-Middle Income,2020,76.09,77.03,70.79,104.1,20.88,63.26,77.04,88.53,0.0,19.57,3.07,3.65,96.07,84.56,6.81
Paraguay,PRY,Latin America & Caribbean,Upper-Middle Income,2021,79.12,78.86,71.44,105.17,21.54,65.29,83.67,89.55,7.41,20.96,3.02,3.68,96.32,84.8,6.86
Paraguay,PRY,Latin America & Caribbean,Upper-Middle Income,2022,79.65,81.07,75.66,106.51,22.19,73.13,87.81,91.42,14.21,18.36,2.86,3.39,96.48,84.88,6.91
Paraguay,PRY,Latin America & Caribbean,Upper-Middle Income,2023,80.48,81.12,74.97,107.76,23.48,74.54,94.33,91.88,17.02,18.88,2.85,3.41,96.7,85.35,6.97
Paraguay,PRY,Latin America & Caribbean,Upper-Middle Income,2024,81.61,82.52,77.42,108.09,23.0,79.63,97.6,92.69,27.08,19.52,2.69,3.18,,85.59,7.02
Paraguay,PRY,Latin America & Caribbean,Upper-Middle Income,2025,84.36,85.95,79.75,111.51,24.03,85.64,99.98,94.18,28.31,19.35,2.63,2.97,97.04,85.92,7.08
Jamaica,JAM,Latin America & Caribbean,Upper-Middle Income,2018,62.64,71.2,78.69,120.58,19.1,105.1,38.23,84.19,0.0,34.71,2.26,2.87,81.42,80.06,2.8
Jamaica,JAM,Latin America & Caribbean,Upper-Middle Income,2019,63.47,72.0,80.2,122.46,19.57,106.85,39.85,85.17,0.0,34.0,2.24,2.99,81.7,80.31,2.82
Jamaica,JAM,Latin America & Caribbean,Upper-Middle Income,2020,66.67,75.28,82.73,124.56,20.03,117.46,43.96,86.16,0.61,33.76,2.15,2.82,81.77,80.7,2.84
Jamaica,JAM,Latin America & Caribbean,Upper-Middle Income,2021,67.06,76.72,83.54,127.55,20.94,126.49,48.57,87.87,5.8,34.21,2.13,2.71,82.2,80.88,2.87
Jamaica,JAM,Latin America & Caribbean,Upper-Middle Income,2022,68.83,77.6,85.48,130.06,20.99,131.36,50.73,88.62,11.98,32.27,2.0,2.76,82.19,81.18,2.89
Jamaica,JAM,Latin America & Caribbean,Upper-Middle Income,2023,69.5,77.26,88.36,128.54,21.78,142.82,52.69,90.52,16.49,31.67,1.71,2.78,82.56,81.45,2.91
Jamaica,JAM,Latin America & Caribbean,Upper-Middle Income,2024,70.94,80.96,88.29,131.8,22.02,151.07,55.62,90.92,23.36,31.44,1.85,2.28,82.7,81.98,2.93
Jamaica,JAM,Latin America & Caribbean,Upper-Middle Income,2025,73.29,82.4,90.28,134.04,23.31,157.65,58.97,92.57,29.51,30.07,1.67,2.41,82.92,82.14,2.96
Trinidad and Tobago,TTO,Latin America & Caribbean,High Income,2018,85.42,84.39,92.38,152.71,46.99,182.9,109.3,97.19,0.0,29.66,1.05,0.94,92.48,90.77,1.5
Trinidad and Tobago,TTO,Latin America & Caribbean,High Income,2019,88.77,84.84,95.89,154.2,47.98,205.54,117.63,97.53,1.37,25.79,0.84,0.99,92.83,91.14,1.51
Trinidad and Tobago,TTO,Latin America & Caribbean,High Income,2020,88.17,88.65,97.48,157.29,48.62,214.54,124.69,99.9,13.27,26.25,1.18,1.1,93.01,91.4,1.52
Trinidad and Tobago,TTO,Latin America & Caribbean,High Income,2021,89.47,88.87,99.0,159.66,48.98,228.45,131.9,99.82,21.05,26.26,0.86,0.72,93.2,91.71,1.54
Trinidad and Tobago,TTO,Latin America & Caribbean,High Income,2022,90.25,90.64,99.0,160.12,50.4,247.29,138.46,99.9,32.77,26.64,0.94,0.88,93.52,91.97,1.55
Trinidad and Tobago,TTO,Latin America & Caribbean,High Income,2023,92.02,92.41,99.0,161.93,50.1,264.81,147.89,99.9,44.44,24.32,0.92,1.02,93.8,92.35,1.56
Trinidad and Tobago,TTO,Latin America & Caribbean,High Income,2024,93.38,94.69,99.0,163.79,50.79,276.78,154.16,99.9,54.81,24.53,0.86,0.88,93.72,92.55,1.57
Trinidad and Tobago,TTO,Latin America & Caribbean,High Income,2025,94.65,94.48,99.0,167.26,51.58,289.97,162.28,99.9,69.31,24.78,0.85,0.8,93.97,92.94,1.58
Guyana,GUY,Latin America & Caribbean,Upper-Middle Income,2018,71.06,64.56,66.73,120.67,17.24,96.51,53.35,88.06,0.0,36.03,2.92,2.25,91.43,70.15,0.8
Guyana,GUY,Latin America & Caribbean,Upper-Middle Income,2019,72.87,65.49,66.23,124.37,18.0,111.81,57.24,90.69,0.0,35.55,2.68,2.23,91.78,70.42,0.81
Guyana,GUY,Latin America & Caribbean,Upper-Middle Income,2020,73.88,67.05,70.09,125.63,18.64,118.46,60.07,91.54,2.97,36.52,2.82,2.04,91.75,70.66,0.81
Guyana,GUY,Latin America & Caribbean,Upper-Middle Income,2021,75.53,67.54,73.23,128.59,18.65,125.26,64.93,92.49,5.95,34.6,2.61,2.24,92.22,71.04,0.82
Guyana,GUY,Latin America & Caribbean,Upper-Middle Income,2022,78.75,69.08,73.74,128.4,19.73,,67.95,92.47,10.28,34.56,2.55,2.24,92.41,71.46,0.83
Guyana,GUY,Latin America & Caribbean,Upper-Middle Income,2023,78.97,71.87,76.26,131.23,20.08,147.18,73.77,93.06,18.28,32.88,2.41,1.93,92.34,71.54,0.83
Guyana,GUY,Latin America & Caribbean,Upper-Middle Income,2024,79.96,73.41,75.24,130.84,20.72,154.28,75.92,94.91,25.46,31.4,2.21,2.02,92.72,71.96,0.84
Guyana,GUY,Latin America & Caribbean,Upper-Middle Income,2025,80.12,75.64,78.58,132.3,20.74,162.68,81.53,96.39,29.81,31.18,2.1,1.9,92.88,72.34,0.84
Suriname,SUR,Latin America & Caribbean,Upper-Middle Income,2018,66.04,83.38,78.19,118.46,31.42,105.94,66.31,94.05,0.0,39.14,2.56,2.97,92.81,56.96,0.6
Suriname,SUR,Latin America & Caribbean,Upper-Middle Income,2019,67.12,83.84,81.31,121.65,31.95,115.33,68.76,94.43,0.0,39.28,2.41,2.96,93.0,57.45,0.6
Suriname,SUR,Latin America & Caribbean,Upper-Middle Income,2020,66.62,87.22,83.66,122.2,31.86,125.97,73.46,95.11,2.72,36.99,2.34,2.89,92.92,57.68,0.61
Suriname,SUR,Latin America & Caribbean,Upper-Middle Income,2021,69.97,87.76,84.46,125.91,32.83,130.43,80.04,97.16,6.31,37.64,2.29,2.91,93.46,57.81,0.61
Suriname,SUR,Latin America & Caribbean,Upper-Middle Income,2022,70.54,90.62,84.4,127.94,33.73,139.42,83.01,98.07,9.29,37.17,2.15,2.94,93.66,58.24,0.62
Suriname,SUR,Latin America & Caribbean,Upper-Middle Income,2023,73.71,90.03,87.38,127.41,34.36,145.91,86.92,99.61,16.76,35.45,2.05,2.64,94.07,58.44,0.62
Suriname,SUR,Latin America & Caribbean,Upper-Middle Income,2024,74.97,92.74,88.56,132.68,35.29,156.54,91.68,98.99,19.71,33.8,1.99,2.69,93.96,58.99,0.63
Suriname,SUR,Latin America & Caribbean,Upper-Middle Income,2025,75.5,94.69,91.36,131.2,35.39,164.87,98.18,99.9,30.5,35.16,1.91,2.49,94.34,59.23,0.63
Belize,BLZ,Latin America & Caribbean,Upper-Middle Income,2018,80.54,82.61,63.17,129.7,17.86,65.6,65.22,85.52,0.0,41.63,3.09,3.0,80.17,61.12,0.4
Belize,BLZ,Latin America & Caribbean,Upper-Middle Income,2019,82.98,85.05,65.04,127.47,18.29,70.38,70.75,84.9,0.0,42.27,3.0,2.74,80.23,61.55,0.4
Belize,BLZ,Latin America & Caribbean,Upper-Middle Income,2020,83.57,86.27,64.95,131.98,19.51,74.28,76.63,85.79,0.0,40.23,2.65,2.78,80.63,61.75,0.41
Belize,BLZ,Latin America & Caribbean,Upper-Middle Income,2021,83.46,88.02,65.6,131.54,20.23,79.16,81.05,87.25,5.46,39.42,2.62,2.57,80.52,62.02,0.41
Belize,BLZ,Latin America & Caribbean,Upper-Middle Income,2022,86.54,89.66,69.85,136.52,20.12,84.55,86.8,87.2,10.24,38.98,2.71,2.38,81.02,62.38,0.41
Belize,BLZ,Latin America & Caribbean,Upper-Middle Income,2023,88.27,90.8,71.06,137.06,22.18,97.14,88.88,90.46,16.95,38.87,2.31,2.6,81.08,62.59,0.42
Belize,BLZ,Latin America & Caribbean,Upper-Middle Income,2024,91.38,91.47,74.29,137.95,22.74,98.93,94.96,90.26,23.98,37.21,2.22,2.3,81.43,62.87,0.42
Belize,BLZ,Latin America & Caribbean,Upper-Middle Income,2025,92.36,94.97,75.4,140.14,22.54,103.36,98.08,90.53,29.3,37.13,2.34,2.27,81.71,63.33,0.42
Haiti,HTI,Latin America & Caribbean,Low Income,2018,26.5,37.63,33.84,52.14,4.84,19.08,22.59,35.58,0.0,53.98,5.8,19.43,54.39,39.05,11.6
Haiti,HTI,Latin America & Caribbean,Low Income,2019,29.47,37.71,37.42,53.87,5.28,18.86,20.97,36.45,0.0,51.33,5.44,18.9,54.47,39.33,11.69
Haiti,HTI,Latin America & Caribbean,Low Income,2020,29.7,41.36,38.1,60.84,6.01,22.75,22.26,37.8,0.0,50.5,5.44,18.3,54.57,39.68,11.79
Haiti,HTI,Latin America & Caribbean,Low Income,2021,30.83,42.68,41.09,60.3,6.23,19.0,19.69,38.5,0.0,49.35,5.01,17.7,55.14,39.92,11.88
Haiti,HTI,Latin America & Caribbean,Low Income,2022,32.81,42.68,41.68,61.79,7.43,19.14,26.71,40.91,0.57,47.61,4.77,17.15,,40.17,11.97
Haiti,HTI,Latin America & Caribbean,Low Income,2023,33.86,45.69,42.49,61.72,8.15,27.66,29.53,41.02,1.32,46.98,4.6,16.49,55.38,40.57,12.06
Haiti,HTI,Latin America & Caribbean,Low Income,2024,37.59,47.95,45.7,65.16,8.9,24.57,28.67,40.83,1.96,46.69,4.27,15.84,55.27,40.73,12.16
Haiti,HTI,Latin America & Caribbean,Low Income,2025,38.29,49.65,49.31,67.8,9.2,26.5,30.18,43.58,3.37,45.56,4.21,15.84,55.66,41.09,12.25
Bahamas,BHS,Latin America & Caribbean,High Income,2018,97.73,83.69,95.02,142.22,31.55,121.96,112.26,94.67,0.0,46.96,0.93,1.28,90.64,94.66,0.4
Bahamas,BHS,Latin America & Caribbean,High Income,2019,98.52,86.58,96.9,144.49,31.36,132.51,120.75,96.07,0.4,44.7,0.98,1.44,90.82,95.08,0.4
Bahamas,BHS,Latin America & Caribbean,High Income,2020,99.5,85.72,96.42,145.2,32.51,134.61,128.32,95.33,13.29,44.31,0.9,1.36,90.91,95.18,0.41
Bahamas,BHS,Latin America & Caribbean,High Income,2021,99.5,89.4,99.0,148.29,33.25,152.11,138.2,97.52,21.03,43.14,0.86,1.48,90.87,95.56,0.41
Bahamas,BHS,Latin America & Caribbean,High Income,2022,99.5,88.6,99.0,149.75,33.34,161.19,144.67,99.72,35.4,41.8,0.77,1.34,91.33,95.88,0.41
Bahamas,BHS,Latin America & Caribbean,High Income,2023,99.5,91.48,99.0,152.39,34.89,173.11,154.25,98.64,46.37,41.49,0.75,1.22,91.46,96.12,0.42
Bahamas,BHS,Latin America & Caribbean,High Income,2024,99.5,91.06,99.0,154.68,35.15,177.68,160.68,99.9,57.41,39.99,0.82,1.06,91.68,96.34,0.42
Bahamas,BHS,Latin America & Caribbean,High Income,2025,99.5,95.04,99.0,156.33,36.49,192.09,169.39,99.9,66.78,39.47,0.58,1.09,91.85,96.8,0.42
Barbados,BRB,Latin America & Caribbean,High Income,2018,97.9,98.19,91.57,119.7,45.45,87.04,50.55,96.73,0.0,41.23,1.76,1.57,94.46,79.13,0.3
Barbados,BRB,Latin America & Caribbean,High Income,2019,98.52,98.22,92.8,123.23,45.97,92.88,54.98,97.89,0.0,41.18,1.73,1.66,94.52,79.37,0.3
Barbados,BRB,Latin America & Caribbean,High Income,2020,99.5,99.8,95.94,123.94,46.32,101.14,57.64,97.86,11.72,40.32,1.64,1.33,94.69,79.71,0.3
Barbados,BRB,Latin America & Caribbean,High Income,2021,99.5,99.8,97.2,126.63,47.37,109.88,63.34,99.9,23.57,38.9,1.4,1.35,95.08,80.09,0.31
Barbados,BRB,Latin America & Caribbean,High Income,2022,99.5,99.8,98.12,127.24,47.38,118.63,67.25,99.71,38.08,37.53,1.46,1.23,95.25,80.16,0.31
Barbados,BRB,Latin America & Caribbean,High Income,2023,99.5,99.8,99.0,129.6,48.55,124.41,69.97,99.9,45.27,37.75,1.44,1.32,95.46,80.72,0.31
Barbados,BRB,Latin America & Caribbean,High Income,2024,99.5,99.8,99.0,132.2,48.65,126.13,74.84,99.9,56.16,37.92,1.36,0.95,95.42,80.86,0.31
Barbados,BRB,Latin America & Caribbean,High Income,2025,99.5,99.8,99.0,132.95,49.19,139.4,79.57,99.9,66.11,36.9,1.29,1.04,95.82,81.17,0.32
United Arab Emirates,ARE,Middle East & North Africa,High Income,2018,98.06,89.05,86.74,121.92,46.55,179.67,69.38,95.07,0.0,50.51,1.62,1.02,99.23,75.88,9.4
United Arab Emirates,ARE,Middle East & North Africa,High Income,2019,98.76,90.22,88.42,122.41,46.61,196.21,75.81,95.88,1.25,48.0,1.35,0.9,99.62,76.29,9.48
United Arab Emirates,ARE,Middle East & North Africa,High Income,2020,99.5,91.29,88.27,125.6,47.5,205.47,79.39,96.98,12.85,47.05,1.45,0.94,99.88,76.44,9.55
United Arab Emirates,ARE,Middle East & North Africa,High Income,2021,99.5,93.44,91.43,127.4,46.97,219.83,83.67,96.72,22.21,45.83,1.47,0.66,99.9,76.76,9.63
United Arab Emirates,ARE,Middle East & North Africa,High Income,2022,99.5,95.11,91.07,128.85,48.54,238.24,90.19,99.07,35.13,45.0,1.34,0.95,99.9,77.22,9.7
United Arab Emirates,ARE,Middle East & North Africa,High Income,2023,99.5,96.94,93.55,130.64,48.89,249.85,94.93,99.9,43.02,45.16,1.31,0.84,99.9,77.52,9.78
United Arab Emirates,ARE,Middle East & North Africa,High Income,2024,99.5,98.32,95.04,131.67,50.16,265.41,98.29,99.9,59.27,42.14,1.12,0.68,99.9,77.68,9.85
United Arab Emirates,ARE,Middle East & North Africa,High Income,2025,99.5,98.77,97.4,133.09,50.01,273.61,104.2,99.9,68.8,41.51,1.24,0.6,99.9,78.17,9.93
Saudi Arabia,SAU,Middle East & North Africa,High Income,2018,88.33,98.27,86.97,140.96,37.55,122.72,137.95,95.83,0.0,56.04,0.76,0.97,90.28,88.94,36.4
Saudi Arabia,SAU,Middle East & North Africa,High Income,2019,89.79,98.95,87.61,141.05,38.6,131.52,148.46,96.91,2.95,55.74,0.77,0.91,90.4,89.3,36.69
Saudi Arabia,SAU,Middle East & North Africa,High Income,2020,89.59,99.8,89.27,142.28,39.39,138.46,156.2,99.55,12.5,52.53,0.74,0.89,90.85,89.49,36.98
Saudi Arabia,SAU,Middle East & North Africa,High Income,2021,92.05,99.8,89.02,146.59,39.64,142.57,167.75,99.9,19.39,52.35,0.68,0.36,90.85,89.87,37.27
Saudi Arabia,SAU,Middle East & North Africa,High Income,2022,92.64,99.8,91.43,149.01,41.3,155.19,178.28,99.85,28.82,53.27,0.57,0.83,91.12,90.22,37.56
Saudi Arabia,SAU,Middle East & North Africa,High Income,2023,95.83,99.8,93.7,151.41,40.67,167.62,187.81,99.9,46.76,51.04,0.85,1.01,91.31,90.59,37.86
Saudi Arabia,SAU,Middle East & North Africa,High Income,2024,95.67,99.8,95.69,150.75,41.64,179.41,197.79,99.9,56.85,48.81,0.47,0.73,91.43,90.69,38.15
Saudi Arabia,SAU,Middle East & North Africa,High Income,2025,98.23,99.8,96.72,155.47,42.54,189.81,206.76,99.9,67.81,49.44,0.49,0.54,91.56,90.98,38.44
Qatar,QAT,Middle East & North Africa,High Income,2018,87.55,97.58,86.72,153.71,33.93,190.81,119.12,98.18,0.0,53.65,1.82,1.36,91.41,72.89,2.7
Qatar,QAT,Middle East & North Africa,High Income,2019,87.37,96.77,88.8,152.89,34.32,212.48,129.86,99.9,0.0,54.09,1.61,1.33,91.64,73.14,2.72
Qatar,QAT,Middle East & North Africa,High Income,2020,90.01,99.62,90.51,155.87,35.31,219.75,136.65,99.58,10.64,51.58,1.57,1.36,91.78,73.51,2.74
Qatar,QAT,Middle East & North Africa,High Income,2021,90.71,99.49,90.03,159.05,35.6,242.69,144.83,99.9,21.01,50.35,1.7,1.32,91.97,73.8,2.76
Qatar,QAT,Middle East & North Africa,High Income,2022,92.28,99.8,93.33,161.29,36.09,254.57,152.02,99.9,31.7,50.73,1.47,1.17,92.08,73.96,2.79
Qatar,QAT,Middle East & North Africa,High Income,2023,92.99,99.8,94.0,161.13,37.46,274.96,161.14,99.9,39.96,47.84,1.31,1.22,92.29,74.37,2.81
Qatar,QAT,Middle East & North Africa,High Income,2024,94.94,99.8,97.18,164.02,36.57,289.43,170.36,99.9,59.14,47.64,1.52,1.24,92.48,74.66,2.83
Qatar,QAT,Middle East & North Africa,High Income,2025,98.56,99.8,98.35,165.46,37.84,305.72,179.27,99.9,66.14,49.08,1.18,0.9,92.87,74.92,2.85
Kuwait,KWT,Middle East & North Africa,High Income,2018,97.02,93.76,92.57,133.41,31.4,103.78,109.02,96.73,0.0,33.19,1.23,0.62,,79.05,4.3
Kuwait,KWT,Middle East & North Africa,High Income,2019,96.56,94.69,94.09,135.01,33.08,109.01,118.62,96.77,0.94,30.7,1.19,0.63,96.06,79.46,4.33
Kuwait,KWT,Middle East & North Africa,High Income,2020,99.5,95.92,95.85,138.14,33.56,116.4,127.22,97.95,11.02,32.14,1.07,0.52,,79.69,4.37
Kuwait,KWT,Middle East & North Africa,High Income,2021,99.5,97.5,96.31,140.65,33.89,124.12,135.69,99.22,20.24,30.56,1.03,0.71,96.28,79.92,4.4
Kuwait,KWT,Middle East & North Africa,High Income,2022,99.5,97.92,96.52,140.49,34.51,132.73,144.53,99.9,35.83,28.77,0.95,0.3,96.62,80.2,4.44
Kuwait,KWT,Middle East & North Africa,High Income,2023,99.5,99.8,99.0,142.69,36.17,142.64,151.23,99.9,37.61,28.61,0.93,0.82,96.73,80.49,4.47
Kuwait,KWT,Middle East & North Africa,High Income,2024,99.5,99.8,99.0,145.43,35.59,149.33,159.09,99.9,54.17,28.54,0.91,0.51,96.96,80.86,4.51
Kuwait,KWT,Middle East & North Africa,High Income,2025,99.5,99.8,99.0,150.42,36.41,157.02,167.65,99.9,66.36,26.75,1.03,0.57,97.18,81.04,4.54
Bahrain,BHR,Middle East & North Africa,High Income,2018,94.96,87.77,86.42,114.31,31.63,131.83,92.3,98.1,0.0,35.63,1.6,1.71,97.7,72.95,1.5
Bahrain,BHR,Middle East & North Africa,High Income,2019,96.86,88.85,88.27,116.94,31.7,145.14,101.43,98.92,0.81,33.05,1.58,1.54,97.79,73.24,1.51
Bahrain,BHR,Middle East & North Africa,High Income,2020,97.34,89.16,88.76,119.66,32.93,157.43,104.86,99.29,15.76,32.83,1.52,2.0,98.09,73.78,1.52
Bahrain,BHR,Middle East & North Africa,High Income,2021,98.22,90.9,89.45,120.36,33.65,161.2,112.31,99.9,20.5,33.59,1.29,1.48,98.3,74.03,1.54
Bahrain,BHR,Middle East & North Africa,High Income,2022,99.5,93.37,91.61,122.04,34.28,172.98,119.7,99.9,35.81,32.86,1.43,1.49,98.6,74.29,1.55
Bahrain,BHR,Middle East & North Africa,High Income,2023,99.5,93.49,96.17,123.74,34.31,184.75,126.62,99.9,43.41,29.82,1.24,1.59,,74.53,1.56
Bahrain,BHR,Middle East & North Africa,High Income,2024,99.5,95.15,95.79,125.02,35.45,196.28,131.91,99.9,52.02,30.92,1.15,1.62,98.96,74.88,1.57
Bahrain,BHR,Middle East & North Africa,High Income,2025,99.5,97.07,97.43,126.94,35.93,209.78,137.56,99.9,67.39,28.24,1.09,1.62,99.09,75.19,1.58
Oman,OMN,Middle East & North Africa,High Income,2018,87.43,82.73,81.27,155.04,33.12,145.36,105.54,98.15,0.0,44.65,0.26,1.24,95.19,74.29,4.5
Oman,OMN,Middle East & North Africa,High Income,2019,90.34,84.74,83.98,153.99,33.24,157.11,114.19,98.59,0.0,44.05,0.3,0.7,95.16,74.53,4.54
Oman,OMN,Middle East & North Africa,High Income,2020,90.76,87.24,83.87,158.5,34.65,174.26,119.62,99.9,11.7,42.93,0.21,0.98,95.46,74.91,4.57
Oman,OMN,Middle East & North Africa,High Income,2021,92.7,88.3,88.04,159.58,34.64,184.39,127.62,99.9,25.67,40.57,0.18,0.88,95.73,75.17,4.61
Oman,OMN,Middle East & North Africa,High Income,2022,94.02,90.49,88.89,162.48,34.77,194.39,134.54,99.9,32.75,40.59,0.3,0.96,96.19,75.54,4.64
Oman,OMN,Middle East & North Africa,High Income,2023,96.73,91.69,91.07,164.49,36.41,206.12,140.34,99.9,42.41,38.8,0.15,1.11,96.21,75.72,4.68
Oman,OMN,Middle East & North Africa,High Income,2024,98.15,92.7,91.34,166.63,36.44,217.87,150.71,99.9,55.95,39.57,0.15,0.52,96.27,76.1,4.72
Oman,OMN,Middle East & North Africa,High Income,2025,99.37,93.66,93.76,165.51,36.98,236.19,157.95,99.9,67.18,37.72,0.15,0.6,96.57,76.45,4.75
Israel,ISR,Middle East & North Africa,High Income,2018,87.82,83.49,80.73,132.2,32.85,158.68,111.21,97.27,0.0,32.53,0.65,0.53,96.17,90.38,9.5
Israel,ISR,Middle East & North Africa,High Income,2019,87.17,83.66,81.86,132.76,33.68,169.05,120.78,99.7,0.0,32.11,0.51,0.65,96.52,90.66,9.58
Israel,ISR,Middle East & North Africa,High Income,2020,89.92,86.0,84.66,136.23,34.22,183.59,127.02,99.9,12.27,31.57,0.64,0.7,96.9,90.96,9.65
Israel,ISR,Middle East & North Africa,High Income,2021,91.42,87.91,85.06,135.43,34.61,196.8,135.97,99.9,18.83,29.43,0.54,0.48,96.97,91.36,9.73
Israel,ISR,Middle East & North Africa,High Income,2022,93.51,88.73,86.24,136.68,35.54,210.17,143.01,99.9,31.09,28.92,0.41,0.42,97.12,91.62,9.8
Israel,ISR,Middle East & North Africa,High Income,2023,93.33,89.01,87.31,139.74,35.47,215.52,151.6,99.9,40.53,28.82,0.4,0.31,97.31,91.86,9.88
Israel,ISR,Middle East & North Africa,High Income,2024,95.43,91.95,89.26,139.75,36.77,232.33,157.97,99.9,55.36,28.13,0.61,0.3,97.35,91.98,9.96
Israel,ISR,Middle East & North Africa,High Income,2025,97.12,93.35,91.35,143.12,37.15,246.54,165.84,99.9,65.75,28.66,0.38,0.68,97.55,92.57,10.03
Jordan,JOR,Middle East & North Africa,Upper-Middle Income,2018,59.77,84.29,62.55,117.32,28.55,106.3,66.46,93.71,0.0,29.98,3.04,1.87,95.24,69.52,11.3
Jordan,JOR,Middle East & North Africa,Upper-Middle Income,2019,60.8,84.8,64.21,117.59,29.97,112.17,70.64,94.01,0.0,28.38,2.79,1.57,95.46,69.8,11.39
Jordan,JOR,Middle East & North Africa,Upper-Middle Income,2020,62.56,88.15,65.28,120.68,30.1,121.78,75.64,95.81,0.0,28.9,2.6,1.67,95.79,70.07,11.48
Jordan,JOR,Middle East & North Africa,Upper-Middle Income,2021,64.1,90.25,66.93,119.55,31.13,135.13,79.41,96.07,6.43,29.12,2.62,1.67,95.88,70.37,11.57
Jordan,JOR,Middle East & North Africa,Upper-Middle Income,2022,65.13,90.07,69.3,121.29,31.59,140.99,83.08,97.73,9.48,27.11,2.5,1.47,95.96,70.67,11.66
Jordan,JOR,Middle East & North Africa,Upper-Middle Income,2023,66.52,91.98,71.03,124.51,31.56,148.14,87.76,98.85,16.86,25.93,2.25,1.39,96.19,71.03,11.75
Jordan,JOR,Middle East & North Africa,Upper-Middle Income,2024,68.9,93.39,73.26,124.88,32.53,160.11,91.05,99.64,25.57,25.25,2.3,1.35,96.4,71.29,11.84
Jordan,JOR,Middle East & North Africa,Upper-Middle Income,2025,69.2,94.95,74.69,125.33,32.64,168.38,96.87,99.9,30.26,25.96,2.25,1.29,96.57,71.61,11.93
Lebanon,LBN,Middle East & North Africa,Lower-Middle Income,2018,60.14,48.62,61.18,91.98,15.15,20.86,17.24,68.14,0.0,19.65,4.57,4.47,88.27,43.39,5.5
Lebanon,LBN,Middle East & North Africa,Lower-Middle Income,2019,60.72,50.82,59.13,94.87,15.51,20.02,16.38,68.66,0.0,21.52,4.38,4.44,88.53,43.76,5.54
Lebanon,LBN,Middle East & North Africa,Lower-Middle Income,2020,62.04,51.31,62.22,96.97,17.05,22.73,18.52,69.69,0.0,19.35,4.01,4.3,88.72,44.0,5.59
Lebanon,LBN,Middle East & North Africa,Lower-Middle Income,2021,62.72,53.7,64.76,100.13,18.2,27.4,18.6,71.53,0.0,19.45,3.96,4.21,88.87,44.4,5.63
Lebanon,LBN,Middle East & North Africa,Lower-Middle Income,2022,62.59,55.6,66.58,99.69,18.21,27.78,19.58,72.5,2.49,19.32,3.75,4.2,89.14,44.66,5.68
Lebanon,LBN,Middle East & North Africa,Lower-Middle Income,2023,65.85,56.89,67.87,101.12,18.29,30.95,23.25,72.45,4.6,16.98,3.65,3.84,89.25,45.13,5.72
Lebanon,LBN,Middle East & North Africa,Lower-Middle Income,2024,67.7,57.06,68.73,102.81,18.77,31.11,21.1,74.32,9.75,18.29,3.37,3.48,89.51,45.42,5.76
Lebanon,LBN,Middle East & North Africa,Lower-Middle Income,2025,68.75,60.19,70.26,104.5,20.02,35.16,23.32,74.92,11.28,16.03,3.21,3.62,89.84,45.54,5.81
Egypt,EGY,Middle East & North Africa,Lower-Middle Income,2018,38.77,58.53,58.53,93.59,12.98,48.83,19.48,87.81,0.0,42.17,3.54,4.41,80.35,34.46,109.3
Egypt,EGY,Middle East & North Africa,Lower-Middle Income,2019,40.79,60.85,60.37,95.4,13.18,51.45,21.03,89.07,0.0,41.74,3.39,4.14,80.68,34.57,110.17
Egypt,EGY,Middle East & North Africa,Lower-Middle Income,2020,42.21,62.0,62.07,94.88,13.86,51.32,23.47,88.7,0.0,39.61,3.33,3.97,80.79,35.06,111.05
Egypt,EGY,Middle East & North Africa,Lower-Middle Income,2021,42.07,63.44,62.99,98.8,14.3,52.88,25.56,90.72,0.42,39.56,3.23,3.87,81.02,35.23,111.92
Egypt,EGY,Middle East & North Africa,Lower-Middle Income,2022,45.68,66.76,66.48,99.15,15.76,54.55,26.79,92.93,3.39,37.37,3.05,3.6,81.13,35.68,112.8
Egypt,EGY,Middle East & North Africa,Lower-Middle Income,2023,46.44,66.32,68.17,99.91,15.73,61.58,29.06,93.54,6.37,36.33,2.87,3.45,81.25,35.9,113.67
Egypt,EGY,Middle East & North Africa,Lower-Middle Income,2024,47.44,69.28,68.99,104.15,16.81,65.63,29.49,93.51,7.5,36.92,2.8,3.35,81.44,36.18,114.55
Egypt,EGY,Middle East & North Africa,Lower-Middle Income,2025,49.26,71.18,71.72,105.5,17.11,69.5,29.85,95.74,10.86,35.45,2.79,3.33,81.84,36.6,115.42
Morocco,MAR,Middle East & North Africa,Lower-Middle Income,2018,34.28,42.36,53.5,106.09,15.76,45.55,27.46,71.64,0.0,24.95,4.87,3.57,85.62,51.74,37.1
Morocco,MAR,Middle East & North Africa,Lower-Middle Income,2019,35.02,44.36,55.84,110.22,16.68,48.35,27.12,71.96,0.0,,4.75,3.15,85.74,52.03,37.4
Morocco,MAR,Middle East & North Africa,Lower-Middle Income,2020,36.46,46.01,58.65,110.17,17.08,51.59,31.09,74.35,0.0,25.27,4.55,3.25,85.81,52.29,37.69
Morocco,MAR,Middle East & North Africa,Lower-Middle Income,2021,37.81,46.87,58.85,112.54,17.22,57.61,33.84,74.87,0.22,23.66,4.35,2.93,86.08,52.41,37.99
Morocco,MAR,Middle East & North Africa,Lower-Middle Income,2022,36.89,49.84,61.69,113.58,17.56,59.31,33.89,75.78,2.49,24.32,4.15,3.01,86.05,52.78,38.29
Morocco,MAR,Middle East & North Africa,Lower-Middle Income,2023,41.04,51.91,62.37,115.51,19.12,63.59,37.09,76.59,5.6,23.71,3.95,3.05,86.45,53.16,38.58
Morocco,MAR,Middle East & North Africa,Lower-Middle Income,2024,42.95,50.71,62.84,117.01,18.52,66.48,39.04,76.7,7.93,22.01,3.81,2.56,86.57,53.35,38.88
Morocco,MAR,Middle East & North Africa,Lower-Middle Income,2025,44.11,54.47,66.78,118.1,19.96,72.74,41.35,78.47,9.95,22.6,3.5,2.8,86.87,53.82,39.18
Algeria,DZA,Middle East & North Africa,Lower-Middle Income,2018,46.42,57.44,53.73,107.41,19.2,31.76,23.46,77.91,0.0,41.1,1.9,6.5,79.09,56.9,44.9
Algeria,DZA,Middle East & North Africa,Lower-Middle Income,2019,47.45,59.46,57.64,108.72,18.7,35.13,23.72,78.21,0.0,38.58,1.73,6.05,79.28,57.28,45.26
Algeria,DZA,Middle East & North Africa,Lower-Middle Income,2020,50.06,60.99,56.73,110.87,19.66,41.27,26.42,79.32,0.0,39.7,1.76,6.16,79.5,57.53,45.62
Algeria,DZA,Middle East & North Africa,Lower-Middle Income,2021,49.81,61.5,59.96,110.35,20.0,39.41,27.46,80.67,0.0,36.88,1.57,5.86,79.65,57.93,45.98
Algeria,DZA,Middle East & North Africa,Lower-Middle Income,2022,50.8,64.01,60.49,113.04,21.34,45.39,28.96,81.23,2.39,36.4,1.29,5.44,79.89,58.22,46.34
Algeria,DZA,Middle East & North Africa,Lower-Middle Income,2023,54.03,63.69,62.91,116.93,21.4,45.97,30.47,83.17,5.43,35.81,1.6,5.49,79.89,58.54,46.7
Algeria,DZA,Middle East & North Africa,Lower-Middle Income,2024,55.19,66.91,66.01,117.72,22.08,48.97,31.51,84.18,7.85,34.57,1.4,5.13,80.43,58.73,47.06
Algeria,DZA,Middle East & North Africa,Lower-Middle Income,2025,57.31,69.09,67.22,121.82,22.39,51.6,32.63,84.34,11.66,34.65,1.46,5.21,80.45,58.94,47.41
Tunisia,TUN,Middle East & North Africa,Lower-Middle Income,2018,37.14,56.79,68.59,79.65,8.2,54.51,18.5,83.99,0.0,27.77,2.0,7.6,74.05,49.21,12.4
Tunisia,TUN,Middle East & North Africa,Lower-Middle Income,2019,37.15,59.79,69.43,82.0,8.0,59.1,20.82,85.28,0.0,29.42,1.82,7.72,74.26,49.79,12.5
Tunisia,TUN,Middle East & North Africa,Lower-Middle Income,2020,38.28,60.72,70.35,81.97,8.43,61.56,23.84,86.28,0.0,27.5,1.97,7.28,74.34,50.14,12.6
Tunisia,TUN,Middle East & North Africa,Lower-Middle Income,2021,40.18,62.9,71.95,82.85,9.68,68.02,23.5,87.54,0.0,27.57,1.67,7.16,74.7,50.41,12.7
Tunisia,TUN,Middle East & North Africa,Lower-Middle Income,2022,43.18,62.27,74.22,86.53,9.8,69.28,27.14,90.31,2.58,26.19,1.54,6.63,74.74,50.67,12.8
Tunisia,TUN,Middle East & North Africa,Lower-Middle Income,2023,43.88,65.34,74.96,88.1,10.66,73.8,24.11,88.81,3.86,25.01,1.63,6.67,75.03,51.1,12.9
Tunisia,TUN,Middle East & North Africa,Lower-Middle Income,2024,44.38,66.39,77.11,90.24,11.25,80.96,28.32,89.36,8.99,24.35,1.44,6.44,75.28,51.32,13.0
Tunisia,TUN,Middle East & North Africa,Lower-Middle Income,2025,46.37,66.38,78.08,90.18,12.01,87.47,30.13,89.87,10.14,23.73,1.29,6.13,75.45,51.5,13.09
Iraq,IRQ,Middle East & North Africa,Upper-Middle Income,2018,67.84,76.3,65.83,108.77,33.04,58.12,60.56,87.45,0.0,40.48,1.14,3.9,87.79,59.63,43.5
Iraq,IRQ,Middle East & North Africa,Upper-Middle Income,2019,69.26,77.63,66.77,110.67,34.37,62.11,66.9,87.01,0.0,39.99,1.0,3.96,87.98,59.75,43.85
Iraq,IRQ,Middle East & North Africa,Upper-Middle Income,2020,71.06,79.72,68.91,112.21,34.92,68.75,70.59,88.75,0.0,39.84,1.01,3.53,88.12,60.14,44.2
Iraq,IRQ,Middle East & North Africa,Upper-Middle Income,2021,72.54,81.07,71.47,114.89,34.73,74.31,76.62,90.14,6.04,39.42,1.01,3.58,88.36,60.3,44.54
Iraq,IRQ,Middle East & North Africa,Upper-Middle Income,2022,73.49,82.31,72.4,116.32,36.15,80.35,79.61,89.56,13.96,,0.86,3.55,88.52,60.65,44.89
Iraq,IRQ,Middle East & North Africa,Upper-Middle Income,2023,73.87,84.84,72.99,116.58,37.12,83.93,87.16,90.4,18.31,37.88,0.86,3.45,,61.09,45.24
Iraq,IRQ,Middle East & North Africa,Upper-Middle Income,2024,74.99,85.14,75.89,119.16,36.95,85.32,89.17,93.29,23.95,37.92,0.77,3.17,88.99,61.35,45.59
Iraq,IRQ,Middle East & North Africa,Upper-Middle Income,2025,76.43,85.7,77.07,121.94,38.21,94.27,93.37,94.31,30.73,35.55,0.84,3.38,89.11,61.56,45.94
Iran,IRN,Middle East & North Africa,Lower-Middle Income,2018,34.29,39.46,55.89,84.4,16.51,35.3,23.15,78.26,0.0,33.19,1.69,3.92,62.84,57.04,87.9
Iran,IRN,Middle East & North Africa,Lower-Middle Income,2019,36.24,40.42,57.37,86.7,17.76,37.09,24.5,79.22,0.0,34.19,1.6,4.04,63.29,57.49,88.6
Iran,IRN,Middle East & North Africa,Lower-Middle Income,2020,38.57,43.34,58.68,89.76,18.01,40.36,26.85,80.54,0.0,33.96,1.5,3.92,63.46,57.61,89.31
Iran,IRN,Middle East & North Africa,Lower-Middle Income,2021,39.58,43.51,61.88,91.42,19.01,42.15,26.22,80.55,0.83,33.08,1.55,3.95,63.61,57.81,90.01
Iran,IRN,Middle East & North Africa,Lower-Middle Income,2022,41.75,46.76,62.49,92.51,20.06,40.33,28.08,82.61,2.72,31.32,1.42,3.8,63.84,58.18,90.71
Iran,IRN,Middle East & North Africa,Lower-Middle Income,2023,41.51,49.87,64.18,95.62,20.55,46.98,28.77,83.09,4.29,31.6,1.18,3.48,63.92,58.58,91.42
Iran,IRN,Middle East & North Africa,Lower-Middle Income,2024,42.32,48.72,65.09,97.54,20.91,49.36,29.54,83.91,8.39,28.61,1.2,3.42,64.21,58.82,92.12
Iran,IRN,Middle East & North Africa,Lower-Middle Income,2025,42.96,50.05,68.32,98.12,21.87,49.95,32.69,84.62,10.68,30.16,1.19,3.02,64.4,59.08,92.82
Yemen,YEM,Middle East & North Africa,Low Income,2018,29.21,25.98,38.05,78.83,4.26,22.54,9.7,36.7,0.0,28.51,2.29,13.72,72.16,21.15,33.7
Yemen,YEM,Middle East & North Africa,Low Income,2019,28.36,26.39,40.32,79.5,4.75,26.23,11.64,36.73,0.0,27.24,2.02,13.13,72.13,21.51,33.97
Yemen,YEM,Middle East & North Africa,Low Income,2020,31.51,27.67,43.9,85.04,5.11,24.24,10.46,38.49,0.0,28.04,2.17,12.98,72.59,21.82,34.24
Yemen,YEM,Middle East & North Africa,Low Income,2021,31.97,,46.61,83.53,6.36,31.71,13.21,39.13,0.0,27.24,1.97,12.35,72.58,21.85,34.51
Yemen,YEM,Middle East & North Africa,Low Income,2022,35.2,31.47,47.55,86.8,6.21,32.27,13.2,40.58,0.44,26.13,1.85,12.32,72.89,22.39,34.78
Yemen,YEM,Middle East & North Africa,Low Income,2023,34.32,32.78,47.55,87.73,7.64,31.55,14.44,40.95,1.76,26.19,1.75,11.66,72.96,22.66,35.05
Yemen,YEM,Middle East & North Africa,Low Income,2024,36.04,36.01,49.94,88.82,7.92,36.17,15.53,42.35,2.26,25.08,1.75,11.17,73.27,22.96,35.32
Yemen,YEM,Middle East & North Africa,Low Income,2025,38.3,37.61,51.22,90.48,8.76,36.62,14.82,43.72,2.92,25.09,1.52,10.71,73.51,23.39,35.59
Libya,LBY,Middle East & North Africa,Upper-Middle Income,2018,60.07,73.4,81.76,106.34,25.4,40.09,35.97,95.51,0.0,47.42,0.64,3.98,90.98,79.86,6.8
Libya,LBY,Middle East & North Africa,Upper-Middle Income,2019,60.36,74.34,82.77,107.84,25.63,45.9,37.33,96.34,0.0,46.14,0.76,4.24,91.05,80.1,6.85
Libya,LBY,Middle East & North Africa,Upper-Middle Income,2020,63.84,77.87,86.01,109.46,25.69,48.78,42.98,98.09,0.0,46.26,0.53,3.76,91.49,80.37,6.91
Libya,LBY,Middle East & North Africa,Upper-Middle Income,2021,66.66,76.52,87.86,113.1,26.67,53.56,43.25,99.23,3.86,41.71,0.65,3.88,91.43,80.62,6.96
Libya,LBY,Middle East & North Africa,Upper-Middle Income,2022,66.6,79.57,88.06,111.47,27.87,60.89,46.78,98.58,11.37,43.45,0.6,3.29,91.54,80.91,7.02
Libya,LBY,Middle East & North Africa,Upper-Middle Income,2023,69.14,80.64,89.84,114.83,27.55,59.02,46.05,99.82,17.32,41.75,0.6,3.46,92.08,81.25,7.07
Libya,LBY,Middle East & North Africa,Upper-Middle Income,2024,68.39,84.14,91.5,117.72,29.13,60.22,48.56,99.9,20.67,42.16,0.53,3.43,92.1,81.6,7.13
Libya,LBY,Middle East & North Africa,Upper-Middle Income,2025,71.74,82.8,93.77,120.8,29.46,69.5,52.03,99.9,28.19,39.37,0.38,3.25,92.23,81.94,7.18
Sudan,SDN,Middle East & North Africa,Low Income,2018,23.19,24.67,31.84,71.75,1.5,3.76,13.17,58.8,0.0,24.02,6.51,19.87,46.73,40.2,45.7
Sudan,SDN,Middle East & North Africa,Low Income,2019,24.3,27.21,33.67,75.38,2.17,6.92,13.62,59.68,0.0,23.79,6.32,18.79,47.07,40.53,46.07
Sudan,SDN,Middle East & North Africa,Low Income,2020,26.07,28.74,35.35,76.71,1.88,9.58,13.09,60.66,0.0,23.8,6.12,18.63,47.28,40.77,46.43
Sudan,SDN,Middle East & North Africa,Low Income,2021,25.69,30.96,36.27,77.84,3.59,9.22,15.2,60.75,0.0,22.87,5.75,17.67,47.38,41.2,46.8
Sudan,SDN,Middle East & North Africa,Low Income,2022,29.62,32.07,37.01,77.77,3.9,10.53,16.76,62.28,0.41,23.99,5.63,17.47,47.7,41.36,47.16
Sudan,SDN,Middle East & North Africa,Low Income,2023,29.89,33.89,39.61,81.54,3.49,10.48,17.59,64.0,0.65,22.16,5.32,16.73,47.97,41.66,47.53
Sudan,SDN,Middle East & North Africa,Low Income,2024,32.7,36.43,41.88,82.21,4.73,6.39,16.54,65.2,2.12,21.51,5.17,16.11,47.96,41.92,47.89
Sudan,SDN,Middle East & North Africa,Low Income,2025,34.12,37.68,42.93,84.94,5.89,12.07,16.02,65.68,3.03,21.33,4.8,15.54,48.19,42.21,48.26
South Africa,ZAF,Sub-Saharan Africa,Upper-Middle Income,2018,70.26,83.71,65.24,121.17,31.53,112.84,63.6,88.81,0.0,38.31,2.99,3.08,80.51,81.69,59.9
South Africa,ZAF,Sub-Saharan Africa,Upper-Middle Income,2019,71.54,85.26,67.11,123.92,31.6,117.02,72.19,90.16,0.0,37.04,2.93,2.98,80.68,82.15,60.38
South Africa,ZAF,Sub-Saharan Africa,Upper-Middle Income,2020,73.13,85.78,70.0,125.82,32.49,126.24,72.19,91.54,0.0,36.75,2.87,2.68,80.79,82.38,60.86
South Africa,ZAF,Sub-Saharan Africa,Upper-Middle Income,2021,74.85,87.88,71.64,126.84,32.96,138.03,76.85,91.65,3.27,35.49,2.7,2.69,81.01,82.67,61.34
South Africa,ZAF,Sub-Saharan Africa,Upper-Middle Income,2022,75.55,89.32,71.78,127.63,32.97,147.39,81.85,93.01,12.55,33.7,2.54,2.5,81.2,83.02,61.82
South Africa,ZAF,Sub-Saharan Africa,Upper-Middle Income,2023,77.27,91.4,74.45,131.18,33.86,152.22,85.55,94.16,19.92,33.87,2.49,2.71,81.62,83.27,62.3
South Africa,ZAF,Sub-Saharan Africa,Upper-Middle Income,2024,79.16,92.31,74.49,133.07,35.28,166.17,89.64,94.54,26.85,34.08,2.42,2.24,81.66,83.5,62.78
South Africa,ZAF,Sub-Saharan Africa,Upper-Middle Income,2025,81.93,94.25,76.87,135.57,35.54,168.1,94.63,96.79,29.39,33.42,2.2,2.16,81.92,83.77,63.25
Nigeria,NGA,Sub-Saharan Africa,Lower-Middle Income,2018,53.49,57.18,46.5,99.39,10.67,45.27,15.85,78.05,0.0,43.36,1.24,8.4,72.97,61.58,218.5
Nigeria,NGA,Sub-Saharan Africa,Lower-Middle Income,2019,56.16,58.27,49.03,100.07,10.9,46.87,19.21,81.16,0.0,39.75,1.22,8.01,73.18,62.02,220.25
Nigeria,NGA,Sub-Saharan Africa,Lower-Middle Income,2020,57.7,59.0,48.66,101.74,11.36,47.95,21.04,80.86,0.0,40.16,1.09,7.84,73.44,62.16,222.0
Nigeria,NGA,Sub-Saharan Africa,Lower-Middle Income,2021,58.8,,52.66,105.35,12.39,52.13,20.89,81.17,0.0,40.07,1.04,7.42,73.45,62.56,223.74
Nigeria,NGA,Sub-Saharan Africa,Lower-Middle Income,2022,60.4,62.49,52.79,107.04,12.56,51.51,21.92,83.92,2.56,37.79,1.05,7.41,73.79,62.84,225.49
Nigeria,NGA,Sub-Saharan Africa,Lower-Middle Income,2023,61.97,62.57,55.98,108.83,12.84,61.21,23.54,84.93,5.69,37.64,0.93,6.75,74.08,63.05,227.24
Nigeria,NGA,Sub-Saharan Africa,Lower-Middle Income,2024,62.84,64.84,57.54,108.59,14.43,62.11,26.3,84.92,8.63,37.73,0.95,7.03,74.04,63.37,228.99
Nigeria,NGA,Sub-Saharan Africa,Lower-Middle Income,2025,65.36,66.28,57.35,112.08,14.08,63.39,26.39,86.91,11.31,34.81,0.91,6.53,74.5,63.68,230.74
Kenya,KEN,Sub-Saharan Africa,Lower-Middle Income,2018,56.77,50.91,61.87,107.35,10.51,31.01,36.19,83.02,0.0,35.87,4.28,5.54,83.99,36.05,54.0
Kenya,KEN,Sub-Saharan Africa,Lower-Middle Income,2019,56.65,53.44,64.31,107.81,10.7,33.78,36.58,84.16,0.0,35.7,3.97,5.24,84.23,36.26,54.43
Kenya,KEN,Sub-Saharan Africa,Lower-Middle Income,2020,60.22,56.51,65.35,111.48,11.86,33.75,40.94,85.08,0.0,35.17,3.75,5.19,84.44,36.62,54.86
Kenya,KEN,Sub-Saharan Africa,Lower-Middle Income,2021,60.71,56.84,68.34,111.52,11.88,37.15,42.54,85.57,0.27,33.7,3.7,4.65,84.68,36.97,55.3
Kenya,KEN,Sub-Saharan Africa,Lower-Middle Income,2022,62.84,58.97,70.16,112.75,13.07,41.63,45.24,87.7,2.42,33.94,3.46,4.86,84.83,37.25,55.73
Kenya,KEN,Sub-Saharan Africa,Lower-Middle Income,2023,65.05,58.13,70.16,114.58,13.13,42.48,47.03,87.93,6.4,32.01,3.45,4.52,84.96,37.58,56.16
Kenya,KEN,Sub-Saharan Africa,Lower-Middle Income,2024,65.82,62.69,71.7,115.62,13.37,47.92,51.01,88.74,8.97,31.73,3.29,4.36,85.18,37.99,56.59
Kenya,KEN,Sub-Saharan Africa,Lower-Middle Income,2025,67.13,63.4,73.42,119.58,14.51,45.2,51.5,90.7,11.0,31.93,3.08,4.42,85.47,38.14,57.02
Ghana,GHA,Sub-Saharan Africa,Lower-Middle Income,2018,49.73,35.98,50.77,84.95,10.17,45.56,27.85,75.08,0.0,22.2,2.54,4.31,63.89,52.38,33.5
Ghana,GHA,Sub-Saharan Africa,Lower-Middle Income,2019,51.64,35.93,52.6,92.0,10.61,43.7,28.28,75.32,0.0,20.49,2.46,4.22,64.21,52.74,33.77
Ghana,GHA,Sub-Saharan Africa,Lower-Middle Income,2020,52.71,36.58,53.01,90.29,11.07,50.14,29.98,76.3,0.0,22.48,2.21,4.19,64.15,53.19,34.04
Ghana,GHA,Sub-Saharan Africa,Lower-Middle Income,2021,53.93,38.48,54.68,91.41,12.12,54.25,31.14,76.07,0.0,20.64,2.19,3.91,64.61,53.52,34.3
Ghana,GHA,Sub-Saharan Africa,Lower-Middle Income,2022,55.87,39.8,57.12,93.79,12.29,55.73,34.28,78.08,3.9,20.94,2.09,3.95,64.78,53.69,34.57
Ghana,GHA,Sub-Saharan Africa,Lower-Middle Income,2023,56.19,41.9,55.4,95.04,13.71,62.51,34.53,78.33,5.1,19.51,2.09,3.99,64.81,53.95,34.84
Ghana,GHA,Sub-Saharan Africa,Lower-Middle Income,2024,57.57,43.43,59.72,98.12,13.28,64.66,34.95,80.71,8.15,18.42,1.85,3.64,65.25,54.42,35.11
Ghana,GHA,Sub-Saharan Africa,Lower-Middle Income,2025,60.49,45.75,61.41,100.23,14.29,67.96,36.37,81.5,10.86,20.19,1.74,3.52,65.38,54.57,35.38
Ethiopia,ETH,Sub-Saharan Africa,Low Income,2018,29.59,29.59,30.17,57.78,6.57,14.9,15.89,33.05,0.0,32.46,4.58,11.88,61.61,36.07,123.4
Ethiopia,ETH,Sub-Saharan Africa,Low Income,2019,28.76,30.38,31.58,60.88,7.03,19.29,15.8,35.74,0.0,31.79,4.35,11.7,61.55,36.33,124.39
Ethiopia,ETH,Sub-Saharan Africa,Low Income,2020,31.37,31.92,34.39,63.04,6.95,21.56,17.57,34.81,0.0,29.1,4.29,11.31,61.81,36.51,125.37
Ethiopia,ETH,Sub-Saharan Africa,Low Income,2021,32.41,33.99,36.87,64.67,6.56,20.67,19.43,35.44,0.0,30.77,4.06,10.88,61.9,36.93,126.36
Ethiopia,ETH,Sub-Saharan Africa,Low Income,2022,34.84,34.97,37.58,65.87,8.33,21.33,19.16,36.84,0.28,,3.71,10.68,62.27,37.14,127.35
Ethiopia,ETH,Sub-Saharan Africa,Low Income,2023,34.13,36.59,39.76,67.58,8.52,23.36,23.1,37.55,0.79,28.1,3.76,9.85,62.48,37.47,128.34
Ethiopia,ETH,Sub-Saharan Africa,Low Income,2024,36.74,37.43,40.43,67.31,9.02,24.6,23.02,40.91,2.28,27.22,3.29,9.83,62.46,37.74,129.32
Ethiopia,ETH,Sub-Saharan Africa,Low Income,2025,38.02,38.76,43.11,72.47,10.91,21.14,22.71,40.52,2.87,25.73,3.19,9.39,62.76,38.13,130.31
Tanzania,TZA,Sub-Saharan Africa,Lower-Middle Income,2018,52.75,58.72,65.05,100.58,19.43,19.53,20.84,62.2,0.0,30.17,4.64,4.19,86.97,33.86,65.5
Tanzania,TZA,Sub-Saharan Africa,Lower-Middle Income,2019,53.12,,66.99,102.67,20.05,19.6,19.99,63.77,0.0,32.12,4.27,4.43,87.23,34.49,66.02
Tanzania,TZA,Sub-Saharan Africa,Lower-Middle Income,2020,53.09,62.71,67.71,103.29,20.2,23.67,23.44,64.85,0.0,31.72,4.16,4.49,87.39,34.71,66.55
Tanzania,TZA,Sub-Saharan Africa,Lower-Middle Income,2021,55.33,,70.25,106.77,21.61,25.21,23.14,66.06,0.0,31.34,4.23,4.13,87.45,34.92,67.07
Tanzania,TZA,Sub-Saharan Africa,Lower-Middle Income,2022,59.06,64.58,71.27,107.67,22.47,24.04,23.43,67.63,2.96,30.73,3.73,3.99,87.83,35.17,67.6
Tanzania,TZA,Sub-Saharan Africa,Lower-Middle Income,2023,58.34,67.5,72.17,109.13,22.32,25.0,27.92,67.3,4.55,28.96,3.61,3.75,88.04,35.57,68.12
Tanzania,TZA,Sub-Saharan Africa,Lower-Middle Income,2024,59.79,66.41,74.5,109.0,22.26,31.76,28.67,67.75,8.48,28.75,3.49,3.76,88.21,35.88,68.64
Tanzania,TZA,Sub-Saharan Africa,Lower-Middle Income,2025,61.03,70.52,76.48,114.57,23.49,29.31,29.69,69.89,10.96,27.45,3.35,3.52,88.45,36.21,69.17
Uganda,UGA,Sub-Saharan Africa,Low Income,2018,34.03,23.32,22.29,64.54,1.71,12.97,12.74,62.01,0.0,43.04,4.07,14.65,65.48,28.15,47.2
Uganda,UGA,Sub-Saharan Africa,Low Income,2019,36.68,25.79,23.57,67.08,2.99,12.38,12.81,64.07,0.0,41.35,3.77,14.57,65.8,28.46,47.58
Uganda,UGA,Sub-Saharan Africa,Low Income,2020,37.63,25.95,26.03,69.41,3.71,12.8,13.22,64.73,0.0,41.67,3.71,13.91,65.97,28.75,47.96
Uganda,UGA,Sub-Saharan Africa,Low Income,2021,40.13,26.62,29.69,69.38,4.18,14.52,13.5,66.01,0.0,38.8,3.6,13.29,66.06,29.06,48.33
Uganda,UGA,Sub-Saharan Africa,Low Income,2022,40.42,28.59,29.47,71.79,4.62,19.04,16.31,67.67,0.0,38.14,3.35,13.02,66.25,29.34,48.71
Uganda,UGA,Sub-Saharan Africa,Low Income,2023,41.14,31.0,30.07,74.12,5.2,17.38,15.29,68.22,0.89,38.09,3.12,12.42,66.52,29.67,49.09
Uganda,UGA,Sub-Saharan Africa,Low Income,2024,45.0,32.44,32.07,74.68,6.25,14.6,18.03,67.85,2.33,36.17,3.11,12.09,66.55,30.03,49.47
Uganda,UGA,Sub-Saharan Africa,Low Income,2025,43.94,33.47,33.82,76.23,6.92,18.45,17.71,69.69,2.56,37.65,2.82,11.73,66.89,30.37,49.84
Rwanda,RWA,Sub-Saharan Africa,Low Income,2018,20.48,15.55,24.18,74.98,1.01,19.67,20.36,35.25,0.0,42.06,3.57,19.54,58.5,44.17,13.8
Rwanda,RWA,Sub-Saharan Africa,Low Income,2019,23.97,18.27,25.26,76.32,2.19,18.86,20.27,37.71,0.0,43.06,3.6,18.83,58.65,44.55,13.91
Rwanda,RWA,Sub-Saharan Africa,Low Income,2020,24.35,,28.57,76.79,2.62,17.89,21.88,38.29,0.0,40.53,3.26,18.34,58.99,44.79,14.02
Rwanda,RWA,Sub-Saharan Africa,Low Income,2021,25.86,22.29,28.1,80.86,3.51,17.33,23.66,39.33,0.0,40.01,3.28,17.65,59.17,45.08,14.13
Rwanda,RWA,Sub-Saharan Africa,Low Income,2022,28.64,22.26,31.21,82.8,4.63,20.48,26.3,40.62,0.0,39.66,3.1,17.0,59.38,45.57,14.24
Rwanda,RWA,Sub-Saharan Africa,Low Income,2023,29.54,25.42,32.1,81.76,3.89,23.93,25.32,41.43,1.04,37.83,2.93,16.47,59.67,45.61,14.35
Rwanda,RWA,Sub-Saharan Africa,Low Income,2024,29.93,26.28,33.0,83.91,5.45,23.41,24.41,42.86,2.08,38.0,2.75,16.11,59.8,46.06,14.46
Rwanda,RWA,Sub-Saharan Africa,Low Income,2025,32.82,28.23,35.48,84.97,6.1,25.27,27.92,44.06,3.2,37.27,2.72,15.45,59.84,46.25,14.57
Senegal,SEN,Sub-Saharan Africa,Lower-Middle Income,2018,50.15,34.67,59.93,109.98,13.87,47.27,43.77,68.08,0.0,21.18,3.5,5.51,84.74,62.52,17.3
Senegal,SEN,Sub-Saharan Africa,Lower-Middle Income,2019,51.38,35.5,60.54,111.29,14.41,50.98,42.36,69.08,0.0,20.88,3.25,5.23,84.7,62.95,17.44
Senegal,SEN,Sub-Saharan Africa,Lower-Middle Income,2020,53.32,38.06,62.48,113.5,16.11,56.73,45.84,70.98,0.0,21.49,3.17,4.99,84.94,63.24,17.58
Senegal,SEN,Sub-Saharan Africa,Lower-Middle Income,2021,54.56,41.17,63.33,116.42,15.51,59.91,49.12,70.8,0.0,19.24,3.07,4.82,85.18,63.4,17.72
Senegal,SEN,Sub-Saharan Africa,Lower-Middle Income,2022,55.32,39.19,65.6,117.81,15.99,62.48,52.66,72.07,2.95,20.83,3.02,4.96,85.4,63.86,17.85
Senegal,SEN,Sub-Saharan Africa,Lower-Middle Income,2023,56.52,43.1,66.43,117.39,16.82,67.22,55.94,73.49,5.46,20.03,2.7,4.46,85.68,64.27,17.99
Senegal,SEN,Sub-Saharan Africa,Lower-Middle Income,2024,57.83,45.29,69.99,123.36,16.55,73.61,60.08,74.2,7.45,19.13,2.65,4.44,85.81,64.34,18.13
Senegal,SEN,Sub-Saharan Africa,Lower-Middle Income,2025,59.7,,70.81,123.9,17.35,72.54,61.24,73.85,11.61,16.91,2.54,4.42,86.1,64.55,18.27
Ivory Coast,CIV,Sub-Saharan Africa,Lower-Middle Income,2018,42.37,42.07,64.14,84.54,17.05,33.59,36.69,65.74,0.0,33.08,2.78,6.31,66.52,57.11,28.2
Ivory Coast,CIV,Sub-Saharan Africa,Lower-Middle Income,2019,44.87,43.25,63.92,85.09,18.47,35.71,37.43,64.38,0.0,31.78,2.71,6.14,66.81,57.33,28.43
Ivory Coast,CIV,Sub-Saharan Africa,Lower-Middle Income,2020,47.76,45.21,66.97,84.87,17.92,39.25,38.69,67.08,0.0,31.16,2.47,6.04,66.92,57.65,28.65
Ivory Coast,CIV,Sub-Saharan Africa,Lower-Middle Income,2021,47.17,46.84,67.12,87.66,19.35,40.86,40.33,67.6,0.0,29.73,2.75,5.83,67.11,58.03,28.88
Ivory Coast,CIV,Sub-Saharan Africa,Lower-Middle Income,2022,49.48,48.21,70.77,91.9,20.04,45.74,45.56,69.19,3.3,28.37,2.4,5.76,67.26,58.22,29.1
Ivory Coast,CIV,Sub-Saharan Africa,Lower-Middle Income,2023,50.35,49.48,72.11,89.58,20.19,46.56,44.79,69.82,5.82,29.13,2.29,5.41,67.46,58.61,29.33
Ivory Coast,CIV,Sub-Saharan Africa,Lower-Middle Income,2024,53.24,51.04,74.11,93.97,20.69,50.27,48.87,71.13,9.27,27.92,2.12,5.12,67.77,58.96,29.55
Ivory Coast,CIV,Sub-Saharan Africa,Lower-Middle Income,2025,53.33,52.32,73.66,95.81,21.07,51.02,53.22,71.28,10.95,27.81,2.11,4.98,67.88,59.2,29.78
Cameroon,CMR,Sub-Saharan Africa,Lower-Middle Income,2018,59.78,41.53,43.81,73.16,14.8,42.33,33.21,68.58,0.0,24.62,3.35,5.59,88.61,36.61,27.9
Cameroon,CMR,Sub-Saharan Africa,Lower-Middle Income,2019,62.44,42.2,44.5,73.26,15.45,46.27,32.96,68.14,0.0,25.47,3.26,5.56,89.11,37.08,28.12
Cameroon,CMR,Sub-Saharan Africa,Lower-Middle Income,2020,62.54,42.77,45.86,76.56,15.46,48.07,37.45,70.27,0.0,24.15,3.12,5.4,89.27,37.29,28.35
Cameroon,CMR,Sub-Saharan Africa,Lower-Middle Income,2021,64.18,46.77,47.42,79.5,16.71,49.1,37.85,71.28,0.0,23.5,2.9,5.3,89.31,37.51,28.57
Cameroon,CMR,Sub-Saharan Africa,Lower-Middle Income,2022,66.45,47.4,50.07,81.47,17.04,55.67,39.25,71.72,1.8,24.49,2.72,5.13,89.43,37.86,28.79
Cameroon,CMR,Sub-Saharan Africa,Lower-Middle Income,2023,67.96,48.51,51.42,80.9,17.01,58.34,40.61,72.76,4.85,24.07,2.67,4.63,89.83,38.22,29.02
Cameroon,CMR,Sub-Saharan Africa,Lower-Middle Income,2024,69.32,49.71,52.35,83.36,18.08,62.19,42.52,73.61,8.47,23.27,2.6,4.75,89.78,38.52,29.24
Cameroon,CMR,Sub-Saharan Africa,Lower-Middle Income,2025,69.82,52.03,53.82,86.45,18.97,61.7,46.58,75.18,10.96,20.98,2.46,4.68,90.18,38.71,29.46
Angola,AGO,Sub-Saharan Africa,Lower-Middle Income,2018,51.68,46.44,55.15,102.23,14.68,53.0,17.35,65.55,0.0,36.61,3.32,4.69,64.2,34.91,35.6
Angola,AGO,Sub-Saharan Africa,Lower-Middle Income,2019,56.2,46.99,54.14,101.08,15.96,57.68,17.36,64.63,0.0,34.5,3.11,4.49,64.5,35.24,35.88
Angola,AGO,Sub-Saharan Africa,Lower-Middle Income,2020,57.47,49.85,56.53,101.44,16.73,59.38,19.92,67.54,0.0,31.65,3.04,4.33,64.54,35.54,36.17
Angola,AGO,Sub-Saharan Africa,Lower-Middle Income,2021,58.83,51.65,57.75,108.61,17.41,69.99,22.17,68.78,0.0,32.46,2.87,4.16,64.75,35.83,36.45
Angola,AGO,Sub-Saharan Africa,Lower-Middle Income,2022,59.13,52.39,57.37,106.89,17.3,72.35,21.65,68.76,2.53,31.34,2.8,4.01,65.06,36.1,36.74
Angola,AGO,Sub-Saharan Africa,Lower-Middle Income,2023,60.05,55.69,61.71,108.75,17.63,74.94,22.58,68.69,4.59,29.23,2.62,3.93,65.27,36.49,37.02
Angola,AGO,Sub-Saharan Africa,Lower-Middle Income,2024,63.94,55.84,62.7,110.78,18.69,80.87,25.11,71.35,7.79,30.75,2.66,3.86,65.26,36.74,37.31
Angola,AGO,Sub-Saharan Africa,Lower-Middle Income,2025,65.99,58.61,65.31,113.21,18.87,86.0,25.32,71.52,12.54,29.9,2.31,3.71,65.49,37.02,37.59
Zambia,ZMB,Sub-Saharan Africa,Lower-Middle Income,2018,60.42,39.03,49.7,83.39,9.36,22.17,30.59,64.0,0.0,37.53,1.91,6.08,85.77,54.06,20.0
Zambia,ZMB,Sub-Saharan Africa,Lower-Middle Income,2019,63.69,41.43,50.29,84.21,9.98,19.92,32.66,65.56,0.0,36.66,1.81,5.9,85.93,54.56,20.16
Zambia,ZMB,Sub-Saharan Africa,Lower-Middle Income,2020,63.64,42.25,52.71,84.45,11.43,24.24,33.85,65.67,0.0,35.28,1.78,5.84,86.26,54.65,20.32
Zambia,ZMB,Sub-Saharan Africa,Lower-Middle Income,2021,65.34,43.97,55.14,86.04,11.7,26.9,37.99,66.12,1.5,35.32,1.76,5.8,86.39,55.11,20.48
Zambia,ZMB,Sub-Saharan Africa,Lower-Middle Income,2022,67.59,47.33,54.99,87.77,12.55,28.31,38.46,68.06,2.03,34.49,1.65,5.35,86.54,55.35,20.64
Zambia,ZMB,Sub-Saharan Africa,Lower-Middle Income,2023,69.48,46.67,56.47,91.0,12.19,25.09,41.84,69.51,4.68,31.69,1.45,5.05,86.95,55.6,20.8
Zambia,ZMB,Sub-Saharan Africa,Lower-Middle Income,2024,70.88,49.31,59.82,91.6,13.5,32.85,45.34,69.52,8.5,33.09,1.52,5.23,86.95,55.9,20.96
Zambia,ZMB,Sub-Saharan Africa,Lower-Middle Income,2025,71.89,51.47,62.46,92.63,13.7,,44.08,71.32,11.23,30.92,1.51,4.81,87.33,56.3,21.12
Zimbabwe,ZWE,Sub-Saharan Africa,Lower-Middle Income,2018,48.8,43.55,51.48,99.5,20.46,45.24,33.26,80.69,0.0,27.94,1.22,6.15,87.7,37.97,16.3
Zimbabwe,ZWE,Sub-Saharan Africa,Lower-Middle Income,2019,50.02,46.05,52.56,99.29,21.44,43.11,32.8,82.68,0.0,28.31,1.26,5.89,88.01,38.19,16.43
Zimbabwe,ZWE,Sub-Saharan Africa,Lower-Middle Income,2020,51.29,46.05,54.25,102.16,21.41,48.97,36.32,84.39,0.0,26.06,1.08,5.67,88.47,38.56,16.56
Zimbabwe,ZWE,Sub-Saharan Africa,Lower-Middle Income,2021,54.08,49.05,56.43,104.97,21.54,53.84,39.87,84.9,0.53,26.19,1.11,5.56,88.48,38.81,16.69
Zimbabwe,ZWE,Sub-Saharan Africa,Lower-Middle Income,2022,55.26,50.29,55.55,105.86,22.6,57.7,39.99,85.25,3.08,26.41,1.1,5.43,88.64,39.16,16.82
Zimbabwe,ZWE,Sub-Saharan Africa,Lower-Middle Income,2023,56.43,52.27,57.66,105.99,22.41,58.39,41.44,86.27,4.85,25.3,1.06,5.13,88.81,39.35,16.95
Zimbabwe,ZWE,Sub-Saharan Africa,Lower-Middle Income,2024,58.22,55.3,58.96,111.39,23.21,62.85,47.7,86.5,9.51,24.7,0.86,4.85,89.07,39.67,17.08
Zimbabwe,ZWE,Sub-Saharan Africa,Lower-Middle Income,2025,59.76,54.09,61.4,109.72,24.6,61.27,46.28,88.33,11.45,23.16,0.75,5.0,89.24,39.97,17.21
Mozambique,MOZ,Sub-Saharan Africa,Low Income,2018,28.24,18.34,32.4,45.49,3.56,23.74,11.23,57.06,0.0,54.44,8.51,9.82,55.96,24.52,33.0
Mozambique,MOZ,Sub-Saharan Africa,Low Income,2019,28.49,22.62,33.94,47.75,4.24,22.92,14.87,58.83,0.0,52.32,8.24,9.45,56.22,24.91,33.26
Mozambique,MOZ,Sub-Saharan Africa,Low Income,2020,30.23,20.5,35.11,51.04,4.74,25.22,14.18,59.49,0.0,52.23,7.87,9.19,56.4,25.11,33.53
Mozambique,MOZ,Sub-Saharan Africa,Low Income,2021,33.22,23.24,37.3,52.23,4.88,25.82,16.32,60.53,0.0,50.37,7.48,9.1,56.65,25.45,33.79
Mozambique,MOZ,Sub-Saharan Africa,Low Income,2022,35.58,24.08,40.37,55.27,5.0,30.27,16.28,62.06,0.0,50.48,7.15,8.61,56.82,25.7,34.06
Mozambique,MOZ,Sub-Saharan Africa,Low Income,2023,36.98,27.02,40.45,54.34,6.69,28.72,18.33,62.23,1.44,48.52,6.9,8.37,56.94,26.0,34.32
Mozambique,MOZ,Sub-Saharan Africa,Low Income,2024,38.29,29.05,43.3,58.18,6.66,34.46,17.34,63.18,1.57,48.86,6.59,8.23,57.29,26.34,34.58
Mozambique,MOZ,Sub-Saharan Africa,Low Income,2025,38.09,29.61,45.23,58.01,6.72,30.59,20.22,63.24,2.86,46.62,6.12,7.67,57.42,26.66,34.85
Madagascar,MDG,Sub-Saharan Africa,Low Income,2018,34.17,36.63,33.73,83.54,3.58,17.71,8.58,60.69,0.0,21.18,7.79,17.0,65.25,21.16,29.6
Madagascar,MDG,Sub-Saharan Africa,Low Income,2019,37.45,36.64,31.07,84.27,4.48,17.62,10.22,61.58,0.0,19.28,7.47,16.55,65.4,21.32,29.84
Madagascar,MDG,Sub-Saharan Africa,Low Income,2020,37.56,38.49,36.07,86.08,5.14,22.69,9.83,63.24,0.0,21.24,7.09,16.04,65.68,21.73,30.07
Madagascar,MDG,Sub-Saharan Africa,Low Income,2021,40.35,42.95,38.23,83.84,5.53,22.78,10.13,63.66,0.0,19.51,6.86,15.56,65.96,21.87,30.31
Madagascar,MDG,Sub-Saharan Africa,Low Income,2022,41.96,41.96,39.01,86.92,6.68,21.17,9.36,64.95,0.16,17.6,6.56,15.04,66.11,22.29,30.55
Madagascar,MDG,Sub-Saharan Africa,Low Income,2023,43.8,44.43,41.25,89.64,6.98,27.47,13.85,66.02,1.11,19.43,6.23,14.34,66.19,22.73,30.78
Madagascar,MDG,Sub-Saharan Africa,Low Income,2024,43.85,46.54,42.25,91.63,7.39,28.4,12.3,67.25,2.2,18.28,5.94,14.09,66.42,22.85,31.02
Madagascar,MDG,Sub-Saharan Africa,Low Income,2025,47.03,47.04,43.33,92.98,7.91,28.45,13.71,68.62,3.33,17.16,5.62,13.4,66.48,23.18,31.26
Mali,MLI,Sub-Saharan Africa,Low Income,2018,20.26,20.11,29.61,45.74,7.2,16.43,11.54,47.97,0.0,36.35,6.14,13.38,71.67,35.01,22.6
Mali,MLI,Sub-Saharan Africa,Low Income,2019,21.12,21.81,31.48,49.65,6.85,20.76,13.66,48.23,0.0,35.89,5.76,13.1,71.81,35.37,22.78
Mali,MLI,Sub-Saharan Africa,Low Income,2020,21.16,24.56,31.35,51.27,7.79,17.64,16.3,49.88,0.0,35.19,5.71,12.67,72.03,35.65,22.96
Mali,MLI,Sub-Saharan Africa,Low Income,2021,23.42,24.91,32.05,52.53,7.93,18.83,14.45,51.22,0.0,36.63,5.43,12.21,72.2,35.84,23.14
Mali,MLI,Sub-Saharan Africa,Low Income,2022,26.6,25.86,35.21,53.23,9.15,22.22,15.82,51.11,0.0,34.32,5.21,12.05,72.57,36.14,23.32
Mali,MLI,Sub-Saharan Africa,Low Income,2023,25.97,29.33,37.95,55.03,9.57,24.77,16.06,52.35,0.72,32.48,4.79,11.78,72.59,36.51,23.5
Mali,MLI,Sub-Saharan Africa,Low Income,2024,28.44,30.65,37.7,56.35,9.87,25.01,16.09,52.22,2.08,32.93,4.56,10.94,72.77,36.85,23.68
Mali,MLI,Sub-Saharan Africa,Low Income,2025,29.61,30.03,39.1,59.03,10.78,29.81,18.29,54.6,3.14,32.21,4.35,10.66,72.98,36.95,23.87
Burkina Faso,BFA,Sub-Saharan Africa,Low Income,2018,37.12,32.9,25.12,85.94,0.78,22.44,13.85,65.56,0.0,57.99,7.57,16.93,53.13,22.5,22.7
Burkina Faso,BFA,Sub-Saharan Africa,Low Income,2019,38.47,35.76,26.85,87.25,1.79,25.23,15.6,66.91,0.0,57.92,7.13,16.47,53.29,22.66,22.88
Burkina Faso,BFA,Sub-Saharan Africa,Low Income,2020,38.72,37.29,27.9,87.93,2.36,28.72,13.24,68.13,0.0,57.77,7.1,15.99,53.49,23.11,23.06
Burkina Faso,BFA,Sub-Saharan Africa,Low Income,2021,40.17,38.2,29.77,88.76,3.35,26.02,16.36,68.1,0.0,55.08,6.76,15.66,53.67,23.28,23.24
Burkina Faso,BFA,Sub-Saharan Africa,Low Income,2022,42.24,40.89,30.96,93.36,3.37,31.72,18.24,70.17,0.23,53.44,6.39,15.11,53.91,23.5,23.43
Burkina Faso,BFA,Sub-Saharan Africa,Low Income,2023,42.63,42.51,32.32,93.81,4.63,34.34,17.81,69.76,1.36,52.21,6.04,14.53,54.07,23.99,23.61
Burkina Faso,BFA,Sub-Saharan Africa,Low Income,2024,44.68,43.05,35.96,96.69,4.67,32.92,20.2,71.41,2.42,51.73,5.8,14.11,54.66,24.15,23.79
Burkina Faso,BFA,Sub-Saharan Africa,Low Income,2025,47.16,43.2,34.54,96.93,6.3,34.83,18.68,72.86,3.5,49.6,5.51,13.58,54.6,24.49,23.97
Niger,NER,Sub-Saharan Africa,Low Income,2018,22.4,17.03,35.56,57.09,6.95,20.06,19.72,37.23,0.0,58.72,8.5,13.01,62.15,42.84,26.2
Niger,NER,Sub-Saharan Africa,Low Income,2019,22.32,21.18,39.4,61.15,7.22,19.7,21.48,39.31,0.0,56.4,8.03,12.59,62.36,43.37,26.41
Niger,NER,Sub-Saharan Africa,Low Income,2020,24.97,21.24,39.12,63.43,8.44,24.13,25.03,38.61,0.0,55.86,7.86,12.43,62.6,43.7,26.62
Niger,NER,Sub-Saharan Africa,Low Income,2021,26.46,22.73,42.65,64.2,8.78,22.19,26.6,39.56,0.0,55.11,7.34,11.77,62.82,43.89,26.83
Niger,NER,Sub-Saharan Africa,Low Income,2022,28.62,24.63,43.51,64.93,8.95,26.72,26.09,42.05,0.0,53.58,7.1,11.49,63.06,44.21,27.04
Niger,NER,Sub-Saharan Africa,Low Income,2023,28.37,25.2,44.86,69.46,9.82,29.83,28.29,42.13,1.18,51.93,6.77,10.86,63.1,44.31,27.25
Niger,NER,Sub-Saharan Africa,Low Income,2024,31.98,28.09,47.64,67.94,9.99,26.84,31.07,44.3,2.15,49.95,6.34,10.5,63.37,44.72,27.46
Niger,NER,Sub-Saharan Africa,Low Income,2025,31.2,29.23,48.63,69.1,11.23,30.76,28.47,44.98,3.21,50.61,6.0,10.45,63.68,44.99,27.67
Chad,TCD,Sub-Saharan Africa,Low Income,2018,15.9,26.11,29.93,48.37,2.57,8.06,8.11,37.22,0.0,61.82,5.71,19.41,57.15,29.36,17.7
Chad,TCD,Sub-Saharan Africa,Low Income,2019,17.53,28.16,29.49,50.81,3.29,8.67,8.92,37.72,0.0,60.76,5.5,19.15,57.26,29.62,17.84
Chad,TCD,Sub-Saharan Africa,Low Income,2020,18.0,29.67,33.56,51.87,3.89,7.22,7.94,38.7,0.0,60.47,5.36,18.47,57.29,29.97,17.98
Chad,TCD,Sub-Saharan Africa,Low Income,2021,20.97,31.93,34.48,51.71,3.68,9.59,9.13,40.25,0.0,59.72,4.95,17.66,57.62,30.31,18.12
Chad,TCD,Sub-Saharan Africa,Low Income,2022,22.4,32.34,35.14,53.55,5.52,8.45,9.75,41.23,0.0,58.4,4.77,16.97,57.61,30.55,18.27
Chad,TCD,Sub-Saharan Africa,Low Income,2023,25.52,35.51,38.72,59.62,6.47,12.44,7.78,41.99,0.79,57.74,4.58,16.87,57.99,30.85,18.41
Chad,TCD,Sub-Saharan Africa,Low Income,2024,25.32,35.36,38.95,59.05,7.22,14.47,10.0,43.65,1.75,55.28,4.29,16.17,58.22,31.21,18.55
Chad,TCD,Sub-Saharan Africa,Low Income,2025,26.66,37.68,41.05,61.42,6.77,13.78,12.21,44.88,3.2,53.41,4.11,15.33,58.35,31.54,18.69
DR Congo,COD,Sub-Saharan Africa,Low Income,2018,23.46,23.11,22.32,71.07,2.35,17.74,18.6,37.85,0.0,15.14,7.31,12.76,45.78,49.84,99.0
DR Congo,COD,Sub-Saharan Africa,Low Income,2019,27.24,24.5,26.11,72.55,2.51,22.14,16.78,38.62,0.0,17.59,7.08,12.46,46.01,50.16,99.79
DR Congo,COD,Sub-Saharan Africa,Low Income,2020,27.78,28.6,25.21,75.78,3.3,23.71,19.19,40.42,0.0,15.74,7.02,11.81,46.03,50.42,100.58
DR Congo,COD,Sub-Saharan Africa,Low Income,2021,30.25,29.31,27.33,76.0,3.49,20.39,21.07,40.05,0.0,16.68,6.65,11.6,46.28,50.81,101.38
DR Congo,COD,Sub-Saharan Africa,Low Income,2022,29.38,30.14,29.78,78.65,4.67,23.01,23.63,42.1,0.0,15.76,6.07,11.4,46.41,51.03,102.17
DR Congo,COD,Sub-Saharan Africa,Low Income,2023,33.13,31.87,30.54,79.65,4.63,25.29,25.22,42.87,0.77,15.41,5.83,10.98,46.69,51.31,102.96
DR Congo,COD,Sub-Saharan Africa,Low Income,2024,34.01,33.98,32.9,82.42,4.46,27.21,25.88,44.31,1.99,14.46,5.63,10.37,47.0,51.64,103.75
DR Congo,COD,Sub-Saharan Africa,Low Income,2025,33.81,35.06,33.4,84.36,5.56,28.91,28.2,44.83,2.8,14.44,5.37,10.12,47.3,51.82,104.54
Republic of the Congo,COG,Sub-Saharan Africa,Lower-Middle Income,2018,33.86,56.59,69.38,80.37,6.36,23.72,23.34,65.26,0.0,33.81,1.29,5.66,89.14,59.66,5.9
Republic of the Congo,COG,Sub-Saharan Africa,Lower-Middle Income,2019,34.47,56.75,71.06,83.5,6.97,24.14,24.94,64.91,0.0,32.93,1.21,5.64,89.14,59.96,5.95
Republic of the Congo,COG,Sub-Saharan Africa,Lower-Middle Income,2020,37.2,59.92,74.56,86.2,6.88,24.21,26.35,66.17,0.0,32.95,1.19,5.47,89.43,60.39,5.99
Republic of the Congo,COG,Sub-Saharan Africa,Lower-Middle Income,2021,38.77,61.19,74.41,86.98,8.03,28.37,28.53,68.41,0.0,31.97,1.17,5.39,89.58,60.63,6.04
Republic of the Congo,COG,Sub-Saharan Africa,Lower-Middle Income,2022,39.14,61.56,74.32,90.08,7.92,32.69,29.32,68.46,1.74,31.58,1.03,5.2,89.63,60.91,6.09
Republic of the Congo,COG,Sub-Saharan Africa,Lower-Middle Income,2023,41.51,65.06,78.26,90.68,9.27,32.08,32.51,69.18,6.23,29.85,1.04,5.1,89.84,61.05,6.14
Republic of the Congo,COG,Sub-Saharan Africa,Lower-Middle Income,2024,42.64,64.62,82.14,93.64,9.9,34.8,34.08,69.93,7.96,30.74,0.87,4.9,90.18,61.45,6.18
Republic of the Congo,COG,Sub-Saharan Africa,Lower-Middle Income,2025,45.01,67.66,81.09,94.87,9.67,38.02,34.71,71.19,11.62,29.69,0.82,4.67,90.31,61.77,6.23
Gabon,GAB,Sub-Saharan Africa,Upper-Middle Income,2018,74.3,69.23,75.43,115.13,23.48,49.45,74.34,88.34,0.0,25.56,1.74,2.71,94.33,75.57,2.3
Gabon,GAB,Sub-Saharan Africa,Upper-Middle Income,2019,74.56,70.38,77.91,117.27,24.51,53.63,78.59,89.38,0.0,24.74,1.73,2.5,94.24,75.65,2.32
Gabon,GAB,Sub-Saharan Africa,Upper-Middle Income,2020,75.39,73.09,78.91,119.19,24.83,56.56,86.55,91.24,0.0,24.73,1.55,2.21,94.6,76.01,2.34
Gabon,GAB,Sub-Saharan Africa,Upper-Middle Income,2021,79.04,74.38,81.66,118.95,26.0,62.53,91.46,91.22,6.21,24.13,1.57,2.65,94.62,76.37,2.36
Gabon,GAB,Sub-Saharan Africa,Upper-Middle Income,2022,79.55,75.25,84.69,122.17,26.27,,94.78,92.86,15.77,22.87,1.31,2.19,94.79,76.61,2.37
Gabon,GAB,Sub-Saharan Africa,Upper-Middle Income,2023,80.82,78.6,85.93,121.62,27.14,69.67,98.91,92.42,17.32,22.49,1.4,2.55,95.02,76.86,2.39
Gabon,GAB,Sub-Saharan Africa,Upper-Middle Income,2024,82.72,79.23,85.69,125.54,27.9,72.74,103.98,93.75,24.52,22.44,1.37,2.14,95.25,77.3,2.41
Gabon,GAB,Sub-Saharan Africa,Upper-Middle Income,2025,84.18,80.85,89.57,125.98,27.87,75.25,110.89,94.06,28.45,22.91,1.25,1.96,95.46,77.57,2.43
Namibia,NAM,Sub-Saharan Africa,Upper-Middle Income,2018,77.31,61.65,71.88,112.69,16.92,59.13,67.12,83.89,0.0,36.02,1.42,1.52,84.0,83.06,2.6
Namibia,NAM,Sub-Saharan Africa,Upper-Middle Income,2019,79.34,62.75,73.4,114.25,16.71,66.77,73.51,84.89,0.0,34.7,1.3,1.81,84.29,83.43,2.62
Namibia,NAM,Sub-Saharan Africa,Upper-Middle Income,2020,81.25,65.55,73.2,116.61,17.4,68.5,76.51,85.9,0.39,33.57,1.29,1.55,84.49,83.75,2.64
Namibia,NAM,Sub-Saharan Africa,Upper-Middle Income,2021,82.51,66.09,76.64,121.21,17.94,74.6,83.21,86.61,2.36,33.45,1.15,1.44,84.71,84.22,2.66
Namibia,NAM,Sub-Saharan Africa,Upper-Middle Income,2022,84.54,69.35,77.73,120.27,18.07,79.42,87.74,87.88,10.31,31.64,1.04,1.34,84.82,84.54,2.68
Namibia,NAM,Sub-Saharan Africa,Upper-Middle Income,2023,86.78,70.16,79.92,122.07,19.51,81.42,91.57,88.83,18.54,31.34,1.02,1.08,85.1,84.75,2.7
Namibia,NAM,Sub-Saharan Africa,Upper-Middle Income,2024,86.88,71.39,81.8,122.6,19.72,87.12,95.51,90.36,21.02,31.83,0.97,1.16,85.39,85.01,2.72
Namibia,NAM,Sub-Saharan Africa,Upper-Middle Income,2025,88.8,73.62,82.05,126.88,20.56,93.83,99.48,90.27,29.23,29.77,1.03,1.25,85.42,85.33,2.75
Botswana,BWA,Sub-Saharan Africa,Upper-Middle Income,2018,78.67,84.76,71.93,95.79,26.19,73.95,73.04,83.2,0.0,32.8,1.07,2.53,92.38,67.35,2.6
Botswana,BWA,Sub-Saharan Africa,Upper-Middle Income,2019,79.25,85.84,72.23,100.74,26.69,82.01,76.35,83.81,0.0,33.62,0.98,2.28,92.61,67.54,2.62
Botswana,BWA,Sub-Saharan Africa,Upper-Middle Income,2020,80.67,88.17,75.03,101.5,27.66,83.73,80.2,85.95,0.0,31.6,0.89,2.38,92.99,67.96,2.64
Botswana,BWA,Sub-Saharan Africa,Upper-Middle Income,2021,82.81,88.57,78.85,106.17,27.37,92.01,86.82,86.64,7.59,30.74,0.95,2.34,93.19,68.16,2.66
Botswana,BWA,Sub-Saharan Africa,Upper-Middle Income,2022,85.89,92.07,79.43,104.34,28.24,97.12,91.98,87.3,9.45,31.6,1.02,2.17,93.42,68.42,2.68
Botswana,BWA,Sub-Saharan Africa,Upper-Middle Income,2023,85.36,91.9,81.24,106.22,29.24,101.69,96.96,87.69,19.28,31.37,0.94,1.94,93.46,68.7,2.7
Botswana,BWA,Sub-Saharan Africa,Upper-Middle Income,2024,87.03,93.15,82.74,108.07,30.14,108.68,99.84,89.86,25.39,30.54,0.97,2.17,93.64,69.16,2.72
Botswana,BWA,Sub-Saharan Africa,Upper-Middle Income,2025,89.47,95.19,85.24,108.77,30.81,115.08,105.94,89.98,32.24,27.7,0.88,2.15,93.92,69.3,2.75
Malawi,MWI,Sub-Saharan Africa,Low Income,2018,23.16,24.02,29.95,77.14,6.37,22.35,18.57,44.16,0.0,49.9,5.02,9.93,69.2,21.16,20.4
Malawi,MWI,Sub-Saharan Africa,Low Income,2019,22.15,25.0,32.73,79.85,6.89,27.86,19.69,44.02,0.0,47.58,4.82,9.54,69.42,21.46,20.56
Malawi,MWI,Sub-Saharan Africa,Low Income,2020,24.66,27.5,34.3,83.48,7.53,26.19,26.18,46.01,0.0,47.55,4.47,9.67,69.55,21.72,20.73
Malawi,MWI,Sub-Saharan Africa,Low Income,2021,24.91,26.56,35.5,83.62,8.0,27.99,25.01,46.22,0.0,46.86,4.31,9.18,69.83,22.06,20.89
Malawi,MWI,Sub-Saharan Africa,Low Income,2022,26.46,30.55,36.8,84.35,8.07,34.91,24.88,47.59,0.0,44.86,4.15,8.87,69.89,22.3,21.05
Malawi,MWI,Sub-Saharan Africa,Low Income,2023,28.33,31.68,41.44,85.68,8.53,34.58,27.41,48.5,1.29,44.35,3.91,8.37,70.15,22.72,21.22
Malawi,MWI,Sub-Saharan Africa,Low Income,2024,30.67,32.57,39.57,90.97,10.14,36.79,28.68,49.82,1.91,42.98,3.72,8.13,70.37,22.97,21.38
Malawi,MWI,Sub-Saharan Africa,Low Income,2025,31.45,34.92,40.54,91.4,10.01,38.08,26.97,51.32,2.78,41.82,3.57,7.56,70.63,23.3,21.54
Benin,BEN,Sub-Saharan Africa,Lower-Middle Income,2018,60.93,48.75,59.85,99.88,18.16,41.73,32.23,63.98,0.0,29.85,1.59,7.19,75.83,55.12,13.4
Benin,BEN,Sub-Saharan Africa,Lower-Middle Income,2019,61.67,50.81,59.77,100.5,18.82,45.47,35.27,64.24,0.0,29.76,1.47,6.99,75.86,55.4,13.51
Benin,BEN,Sub-Saharan Africa,Lower-Middle Income,2020,64.32,53.6,62.71,102.28,19.76,45.55,37.07,65.81,0.0,27.02,1.58,6.8,76.29,55.83,13.61
Benin,BEN,Sub-Saharan Africa,Lower-Middle Income,2021,64.23,53.14,63.68,104.52,20.15,48.57,41.01,67.53,1.03,26.81,1.43,6.32,76.62,56.03,13.72
Benin,BEN,Sub-Saharan Africa,Lower-Middle Income,2022,67.03,,64.13,107.25,20.91,57.01,44.33,67.67,3.4,26.66,1.31,6.49,76.56,56.34,13.83
Benin,BEN,Sub-Saharan Africa,Lower-Middle Income,2023,67.73,57.56,67.58,108.38,20.6,57.83,44.13,69.03,7.28,24.62,1.31,6.37,76.78,56.64,13.94
Benin,BEN,Sub-Saharan Africa,Lower-Middle Income,2024,70.24,57.76,71.05,108.93,21.64,61.68,47.49,70.27,9.74,25.47,1.35,6.11,76.95,56.87,14.04
Benin,BEN,Sub-Saharan Africa,Lower-Middle Income,2025,72.74,59.11,70.9,110.06,22.57,68.56,51.41,70.96,11.64,25.73,1.13,5.9,77.36,57.25,14.15
Togo,TGO,Sub-Saharan Africa,Low Income,2018,13.22,15.95,38.16,45.89,0.58,4.16,24.45,59.33,0.0,31.74,3.9,11.04,67.27,39.83,8.8
Togo,TGO,Sub-Saharan Africa,Low Income,2019,12.4,16.75,38.15,45.49,2.47,10.98,24.07,61.79,0.0,31.85,3.91,10.87,67.48,40.25,8.87
Togo,TGO,Sub-Saharan Africa,Low Income,2020,15.56,18.9,39.17,49.86,2.25,7.78,26.49,61.34,0.0,30.99,3.67,10.42,67.64,40.39,8.94
Togo,TGO,Sub-Saharan Africa,Low Income,2021,17.23,22.01,41.63,49.9,2.52,7.29,30.3,63.87,0.0,29.98,3.41,9.95,67.75,40.58,9.01
Togo,TGO,Sub-Saharan Africa,Low Income,2022,18.88,22.84,43.02,50.19,3.39,9.05,31.82,65.26,0.0,30.18,3.33,9.87,,41.03,9.08
Togo,TGO,Sub-Saharan Africa,Low Income,2023,20.65,25.28,44.61,50.92,3.78,7.39,29.61,65.81,0.6,29.28,3.31,9.37,68.22,41.45,9.15
Togo,TGO,Sub-Saharan Africa,Low Income,2024,22.41,25.51,46.57,55.18,4.13,10.34,32.24,66.74,2.48,27.25,3.05,9.51,68.35,41.74,9.22
Togo,TGO,Sub-Saharan Africa,Low Income,2025,23.04,28.73,48.29,58.68,5.14,10.79,33.48,66.29,3.09,27.24,2.8,8.95,68.49,42.04,9.29
Sierra Leone,SLE,Sub-Saharan Africa,Low Income,2018,16.9,18.68,21.32,73.77,5.58,10.58,7.21,35.34,0.0,63.51,3.97,17.13,62.64,31.52,8.6
Sierra Leone,SLE,Sub-Saharan Africa,Low Income,2019,19.22,19.88,24.54,75.63,6.47,14.66,7.51,35.81,0.0,61.18,3.75,16.37,62.93,31.8,8.67
Sierra Leone,SLE,Sub-Saharan Africa,Low Income,2020,19.85,22.13,25.09,77.09,6.42,15.69,8.59,37.16,0.0,59.39,3.67,15.89,63.16,32.05,8.74
Sierra Leone,SLE,Sub-Saharan Africa,Low Income,2021,21.49,24.12,26.84,77.06,7.43,15.34,9.52,37.35,0.0,58.6,3.44,15.1,63.37,32.35,8.81
Sierra Leone,SLE,Sub-Saharan Africa,Low Income,2022,22.3,23.04,28.17,79.26,7.75,14.34,11.05,39.69,0.0,57.46,3.27,15.04,63.33,32.66,8.88
Sierra Leone,SLE,Sub-Saharan Africa,Low Income,2023,24.65,24.8,31.6,78.57,8.71,17.29,11.95,40.26,0.8,56.22,3.26,14.61,63.7,32.96,8.94
Sierra Leone,SLE,Sub-Saharan Africa,Low Income,2024,25.64,27.38,31.88,84.32,8.92,16.12,11.18,41.17,2.12,55.5,2.96,13.74,64.01,33.26,9.01
Sierra Leone,SLE,Sub-Saharan Africa,Low Income,2025,27.57,29.53,34.65,85.39,9.78,14.18,12.33,41.33,3.31,54.43,2.7,13.33,63.99,33.65,9.08
Liberia,LBR,Sub-Saharan Africa,Low Income,2018,17.34,16.74,35.09,77.5,5.15,15.62,5.82,68.15,0.0,55.08,3.86,19.92,61.94,37.55,5.3
Liberia,LBR,Sub-Saharan Africa,Low Income,2019,18.73,18.53,36.89,80.91,5.27,14.88,9.69,69.64,0.0,55.69,3.7,19.08,62.33,37.83,5.34
Liberia,LBR,Sub-Saharan Africa,Low Income,2020,19.11,19.63,36.81,83.71,5.48,18.59,9.62,70.81,0.0,52.07,3.58,18.45,62.43,38.1,5.38
Liberia,LBR,Sub-Saharan Africa,Low Income,2021,21.24,20.9,39.14,84.43,6.81,,8.61,72.14,0.0,51.46,3.58,17.95,62.82,38.39,5.43
Liberia,LBR,Sub-Saharan Africa,Low Income,2022,21.52,21.36,39.21,88.12,7.93,23.0,10.39,72.95,0.0,51.52,3.39,17.18,62.89,38.67,5.47
Liberia,LBR,Sub-Saharan Africa,Low Income,2023,24.29,,43.91,86.6,7.41,23.03,10.24,73.69,1.2,49.04,3.08,16.57,63.06,39.07,5.51
Liberia,LBR,Sub-Saharan Africa,Low Income,2024,25.3,24.95,45.69,89.01,8.59,24.9,9.99,74.61,1.85,47.83,2.94,16.34,63.46,39.2,5.55
Liberia,LBR,Sub-Saharan Africa,Low Income,2025,26.61,27.94,46.58,90.14,9.14,25.96,8.05,75.23,3.43,47.49,2.59,15.36,63.53,39.53,5.6
Guinea,GIN,Sub-Saharan Africa,Lower-Middle Income,2018,55.84,58.6,60.07,76.17,9.16,52.3,18.69,71.92,0.0,27.65,2.72,6.55,87.3,40.24,13.9
Guinea,GIN,Sub-Saharan Africa,Lower-Middle Income,2019,57.85,60.93,62.43,79.56,10.16,55.15,23.36,73.4,0.0,27.97,2.6,6.38,87.8,40.46,14.01
Guinea,GIN,Sub-Saharan Africa,Lower-Middle Income,2020,58.47,62.93,62.08,80.68,10.55,61.18,25.53,73.67,0.0,25.93,2.52,5.78,87.93,40.77,14.12
Guinea,GIN,Sub-Saharan Africa,Lower-Middle Income,2021,60.56,63.67,64.67,81.8,11.23,62.92,25.94,74.69,0.0,26.36,2.39,5.81,88.14,41.17,14.23
Guinea,GIN,Sub-Saharan Africa,Lower-Middle Income,2022,62.37,67.16,66.25,84.89,11.45,66.45,27.5,75.19,2.15,25.57,2.3,5.71,88.13,41.31,14.34
Guinea,GIN,Sub-Saharan Africa,Lower-Middle Income,2023,63.68,68.47,67.43,87.75,12.42,72.33,29.58,77.22,6.98,24.16,2.38,5.58,88.63,41.76,14.46
Guinea,GIN,Sub-Saharan Africa,Lower-Middle Income,2024,63.33,67.65,68.87,89.44,12.81,75.59,30.61,77.16,9.69,23.76,2.17,5.26,88.67,42.07,14.57
Guinea,GIN,Sub-Saharan Africa,Lower-Middle Income,2025,65.87,70.02,69.73,91.23,13.97,82.34,31.59,79.32,11.07,22.01,1.85,4.93,88.87,42.21,14.68
Mauritania,MRT,Sub-Saharan Africa,Lower-Middle Income,2018,35.59,39.13,66.49,97.84,9.01,47.49,41.59,84.61,0.0,40.21,1.94,7.26,74.58,60.6,4.7
Mauritania,MRT,Sub-Saharan Africa,Lower-Middle Income,2019,37.23,42.79,68.06,100.18,9.08,52.51,44.67,83.84,0.0,39.59,1.99,6.9,74.63,60.85,4.74
Mauritania,MRT,Sub-Saharan Africa,Lower-Middle Income,2020,40.79,43.79,68.92,102.36,10.01,52.99,46.02,85.92,0.0,38.39,1.85,6.79,74.74,61.2,4.78
Mauritania,MRT,Sub-Saharan Africa,Lower-Middle Income,2021,39.76,44.78,71.16,105.14,10.64,58.91,49.73,86.4,0.18,38.59,1.61,6.4,75.05,61.5,4.81
Mauritania,MRT,Sub-Saharan Africa,Lower-Middle Income,2022,40.6,47.17,72.07,105.28,10.79,67.87,51.95,88.22,3.19,36.97,1.69,6.19,75.22,61.68,4.85
Mauritania,MRT,Sub-Saharan Africa,Lower-Middle Income,2023,43.65,48.59,73.6,105.85,11.93,66.97,54.07,89.35,6.17,35.82,1.62,6.14,75.31,62.12,4.89
Mauritania,MRT,Sub-Saharan Africa,Lower-Middle Income,2024,43.41,51.06,75.59,108.72,12.3,70.44,58.09,89.54,9.9,34.9,1.6,5.74,75.71,62.37,4.93
Mauritania,MRT,Sub-Saharan Africa,Lower-Middle Income,2025,45.36,51.07,80.36,113.72,12.65,76.13,59.14,89.75,11.22,34.74,1.51,5.85,75.8,62.73,4.96
Somalia,SOM,Sub-Saharan Africa,Low Income,2018,28.96,33.02,36.56,50.34,3.79,26.16,23.57,33.18,0.0,21.45,2.91,16.33,68.63,26.42,17.6
Somalia,SOM,Sub-Saharan Africa,Low Income,2019,31.72,,36.1,51.39,4.07,23.97,24.9,33.58,0.0,22.72,2.75,15.6,68.76,26.85,17.74
Somalia,SOM,Sub-Saharan Africa,Low Income,2020,34.28,34.32,38.0,54.44,6.11,28.76,29.07,35.72,0.0,19.94,2.66,15.25,68.98,26.87,17.88
Somalia,SOM,Sub-Saharan Africa,Low Income,2021,32.51,37.24,41.0,54.91,5.27,28.99,28.2,36.71,0.0,21.37,2.54,14.92,69.17,27.49,18.02
Somalia,SOM,Sub-Saharan Africa,Low Income,2022,36.55,38.62,43.0,57.1,5.87,34.82,27.6,37.78,0.24,20.44,2.33,14.38,69.42,27.61,18.16
Somalia,SOM,Sub-Saharan Africa,Low Income,2023,37.03,38.72,43.6,58.54,7.1,36.35,28.62,37.75,0.71,20.22,2.28,13.62,69.47,27.9,18.3
Somalia,SOM,Sub-Saharan Africa,Low Income,2024,38.76,41.23,45.69,60.82,7.18,37.81,33.12,40.49,2.49,19.26,2.04,13.37,69.68,28.3,18.44
Somalia,SOM,Sub-Saharan Africa,Low Income,2025,40.52,43.81,47.6,63.08,8.18,,36.28,40.1,3.5,19.54,1.93,12.96,70.01,28.64,18.59
Burundi,BDI,Sub-Saharan Africa,Low Income,2018,24.91,34.43,37.66,68.72,4.27,11.82,11.62,54.68,0.0,49.37,8.02,15.29,66.92,24.81,12.9
Burundi,BDI,Sub-Saharan Africa,Low Income,2019,25.5,35.85,40.39,68.08,4.93,19.81,15.93,53.95,0.0,48.26,7.64,14.64,67.0,25.2,13.0
Burundi,BDI,Sub-Saharan Africa,Low Income,2020,28.06,36.51,40.74,70.9,5.22,17.02,15.1,55.88,0.0,47.16,7.43,14.23,67.27,25.5,13.11
Burundi,BDI,Sub-Saharan Africa,Low Income,2021,29.21,39.49,43.84,72.33,5.91,19.51,15.36,56.41,0.0,48.01,7.12,13.59,67.47,25.83,13.21
Burundi,BDI,Sub-Saharan Africa,Low Income,2022,29.79,39.75,42.75,72.29,6.83,22.42,14.59,57.43,0.06,44.32,6.86,13.31,67.69,26.06,13.31
Burundi,BDI,Sub-Saharan Africa,Low Income,2023,31.53,44.03,47.09,76.03,7.15,21.97,16.02,57.57,1.29,42.61,6.4,12.76,68.05,26.29,13.42
Burundi,BDI,Sub-Saharan Africa,Low Income,2024,33.91,46.07,48.02,77.34,7.12,24.96,15.94,59.02,2.28,42.86,6.14,12.49,67.96,26.5,13.52
Burundi,BDI,Sub-Saharan Africa,Low Income,2025,34.29,44.82,48.27,80.4,9.3,27.08,17.86,60.9,2.75,42.55,5.74,11.9,,26.97,13.62
Lesotho,LSO,Sub-Saharan Africa,Lower-Middle Income,2018,46.32,34.56,48.26,100.77,19.79,20.96,26.1,82.34,0.0,21.32,3.19,6.86,78.89,38.31,2.3
Lesotho,LSO,Sub-Saharan Africa,Lower-Middle Income,2019,47.81,35.77,48.28,103.73,20.46,24.72,30.06,83.63,0.0,21.5,3.21,6.85,78.9,38.66,2.32
Lesotho,LSO,Sub-Saharan Africa,Lower-Middle Income,2020,50.63,38.56,49.97,103.86,20.79,26.92,28.74,85.0,0.0,21.03,2.98,6.85,78.84,39.04,2.34
Lesotho,LSO,Sub-Saharan Africa,Lower-Middle Income,2021,50.36,40.23,52.87,107.42,22.05,23.94,32.29,86.46,0.0,21.12,2.78,6.47,79.27,39.35,2.36
Lesotho,LSO,Sub-Saharan Africa,Lower-Middle Income,2022,53.04,39.21,55.57,107.11,23.04,28.65,33.44,87.04,2.31,18.09,2.7,6.29,79.59,39.5,2.37
Lesotho,LSO,Sub-Saharan Africa,Lower-Middle Income,2023,54.44,43.1,55.35,110.26,23.3,32.16,34.24,87.43,5.5,19.83,2.56,6.03,79.76,39.87,2.39
Lesotho,LSO,Sub-Saharan Africa,Lower-Middle Income,2024,55.82,43.04,57.81,112.76,23.4,30.7,35.92,89.81,8.38,18.39,2.57,5.76,79.74,40.14,2.41
Lesotho,LSO,Sub-Saharan Africa,Lower-Middle Income,2025,56.5,47.03,57.68,111.87,24.18,33.32,40.2,89.47,10.59,19.66,2.19,5.65,80.1,40.56,2.43
Eswatini,SWZ,Sub-Saharan Africa,Lower-Middle Income,2018,44.5,58.65,57.92,72.65,15.98,19.65,38.5,67.31,0.0,40.32,2.33,4.87,66.1,42.31,1.2
Eswatini,SWZ,Sub-Saharan Africa,Lower-Middle Income,2019,45.64,58.96,57.19,73.45,17.52,19.5,39.56,69.55,0.0,40.43,2.44,4.69,66.34,42.8,1.21
Eswatini,SWZ,Sub-Saharan Africa,Lower-Middle Income,2020,46.95,61.06,61.04,74.79,17.26,24.74,43.63,68.29,0.0,38.52,2.33,4.38,66.56,43.0,1.22
Eswatini,SWZ,Sub-Saharan Africa,Lower-Middle Income,2021,47.7,65.0,61.7,76.12,18.2,20.86,46.64,70.38,0.0,39.37,2.27,4.49,66.85,43.47,1.23
Eswatini,SWZ,Sub-Saharan Africa,Lower-Middle Income,2022,50.5,64.56,63.57,78.59,18.25,26.01,47.75,70.3,3.04,37.44,2.19,4.52,66.73,43.7,1.24
Eswatini,SWZ,Sub-Saharan Africa,Lower-Middle Income,2023,50.6,66.18,63.93,79.02,19.18,23.26,49.07,72.66,6.65,35.9,2.03,4.15,66.97,43.9,1.25
Eswatini,SWZ,Sub-Saharan Africa,Lower-Middle Income,2024,52.27,69.29,67.59,82.29,19.67,30.0,52.49,73.69,9.03,36.82,1.89,3.87,67.2,44.15,1.26
Eswatini,SWZ,Sub-Saharan Africa,Lower-Middle Income,2025,55.31,71.02,67.55,86.49,20.55,29.08,56.34,74.13,9.84,34.4,1.77,3.88,67.31,44.55,1.27
Gambia,GMB,Sub-Saharan Africa,Low Income,2018,35.28,37.08,28.57,63.09,5.01,25.83,16.87,46.32,0.0,35.54,6.58,6.62,62.72,30.48,2.7
Gambia,GMB,Sub-Saharan Africa,Low Income,2019,34.45,41.18,30.58,64.17,4.66,23.05,18.12,47.93,0.0,34.62,6.6,6.21,62.79,30.93,2.72
Gambia,GMB,Sub-Saharan Africa,Low Income,2020,36.24,38.76,30.21,70.04,6.13,29.85,19.4,48.54,0.0,34.17,6.27,6.12,62.98,31.3,2.74
Gambia,GMB,Sub-Saharan Africa,Low Income,2021,36.59,41.49,35.27,66.95,7.39,28.61,21.32,49.88,0.0,31.51,5.99,6.05,63.09,31.75,2.76
Gambia,GMB,Sub-Saharan Africa,Low Income,2022,39.98,42.56,36.3,72.57,7.9,31.13,20.53,50.15,0.0,31.92,5.63,5.74,63.41,31.73,2.79
Gambia,GMB,Sub-Saharan Africa,Low Income,2023,39.86,45.6,36.99,71.13,7.92,32.97,24.79,51.0,1.34,30.23,5.48,5.72,63.46,32.19,2.81
Gambia,GMB,Sub-Saharan Africa,Low Income,2024,40.5,46.37,38.57,74.29,8.83,36.42,23.6,52.22,2.44,31.24,5.14,5.12,63.91,32.57,2.83
Gambia,GMB,Sub-Saharan Africa,Low Income,2025,43.28,48.71,41.02,73.87,9.16,36.44,25.76,54.4,3.09,31.54,4.82,5.39,63.89,32.73,2.85
Cape Verde,CPV,Sub-Saharan Africa,Lower-Middle Income,2018,57.2,37.39,57.47,88.48,14.26,18.53,33.51,77.37,0.0,29.91,3.33,6.69,83.79,41.22,0.6
Cape Verde,CPV,Sub-Saharan Africa,Lower-Middle Income,2019,59.84,40.99,60.49,91.73,15.01,23.21,33.81,78.08,0.0,30.53,3.24,6.81,83.86,41.51,0.6
Cape Verde,CPV,Sub-Saharan Africa,Lower-Middle Income,2020,60.55,41.51,60.73,93.05,15.57,21.67,37.72,78.46,0.0,27.94,3.18,6.41,84.1,41.69,0.61
Cape Verde,CPV,Sub-Saharan Africa,Lower-Middle Income,2021,63.08,41.8,63.7,96.7,16.09,23.67,39.33,80.44,0.0,28.08,3.24,6.02,84.28,42.18,0.61
Cape Verde,CPV,Sub-Saharan Africa,Lower-Middle Income,2022,64.38,43.49,64.5,99.84,16.54,25.26,40.55,80.39,3.04,29.19,2.9,5.97,84.59,42.44,0.62
Cape Verde,CPV,Sub-Saharan Africa,Lower-Middle Income,2023,65.4,43.31,67.44,102.08,17.63,30.6,43.08,81.15,4.72,28.33,2.67,5.71,84.76,42.67,0.62
Cape Verde,CPV,Sub-Saharan Africa,Lower-Middle Income,2024,66.29,47.15,67.23,101.0,18.26,28.87,45.63,82.47,8.4,28.13,2.64,5.38,84.9,42.94,0.63
Cape Verde,CPV,Sub-Saharan Africa,Lower-Middle Income,2025,67.99,48.06,67.25,105.43,18.41,32.57,47.96,83.14,11.03,25.67,2.57,5.03,85.04,43.25,0.63
Mauritius,MUS,Sub-Saharan Africa,Upper-Middle Income,2018,78.52,74.26,64.76,97.19,21.88,97.78,65.19,93.01,0.0,,1.99,1.95,85.63,66.02,1.3
Mauritius,MUS,Sub-Saharan Africa,Upper-Middle Income,2019,81.13,74.43,64.26,95.33,22.12,107.06,69.39,94.46,0.0,34.2,1.84,1.99,85.73,66.18,1.31
Mauritius,MUS,Sub-Saharan Africa,Upper-Middle Income,2020,82.19,77.4,66.28,99.13,23.53,113.84,73.88,95.11,0.0,34.21,1.68,1.72,85.89,66.57,1.32
Mauritius,MUS,Sub-Saharan Africa,Upper-Middle Income,2021,84.04,78.3,69.3,100.89,23.8,117.28,76.97,94.98,5.79,31.89,1.69,1.75,86.37,66.84,1.33
Mauritius,MUS,Sub-Saharan Africa,Upper-Middle Income,2022,85.49,80.98,70.67,100.46,24.27,128.32,82.45,96.67,8.78,31.11,1.64,1.8,86.39,67.17,1.34
Mauritius,MUS,Sub-Saharan Africa,Upper-Middle Income,2023,86.55,82.21,71.68,102.75,24.39,135.5,87.0,97.69,16.54,32.28,1.59,1.94,86.42,67.41,1.35
Mauritius,MUS,Sub-Saharan Africa,Upper-Middle Income,2024,89.82,81.9,72.96,104.42,25.39,142.55,93.56,99.84,24.87,29.27,1.49,1.69,86.82,67.68,1.36
Mauritius,MUS,Sub-Saharan Africa,Upper-Middle Income,2025,90.17,,75.92,107.79,26.43,154.13,96.11,99.62,30.21,30.86,1.39,1.59,86.99,68.15,1.37
Seychelles,SYC,Sub-Saharan Africa,High Income,2018,80.99,84.6,88.72,145.84,50.22,199.71,108.71,95.57,0.0,47.94,1.84,0.66,94.13,93.81,0.1
Seychelles,SYC,Sub-Saharan Africa,High Income,2019,82.93,87.88,89.26,147.21,49.76,211.28,115.0,97.58,0.0,45.84,1.81,0.84,94.22,94.1,0.1
Seychelles,SYC,Sub-Saharan Africa,High Income,2020,84.54,89.86,92.65,147.9,50.91,242.01,121.98,98.25,12.32,45.18,1.62,0.59,94.39,94.47,0.1
Seychelles,SYC,Sub-Saharan Africa,High Income,2021,85.71,89.97,93.39,150.55,51.49,250.8,132.14,99.9,19.93,42.81,1.55,0.66,94.64,94.69,0.1
Seychelles,SYC,Sub-Saharan Africa,High Income,2022,86.97,90.98,94.44,150.67,53.03,265.41,139.17,99.9,30.33,44.08,1.61,0.82,94.92,95.03,0.1
Seychelles,SYC,Sub-Saharan Africa,High Income,2023,87.78,93.92,96.58,156.08,52.85,284.21,145.75,99.9,44.91,42.81,1.52,0.68,95.08,95.27,0.1
Seychelles,SYC,Sub-Saharan Africa,High Income,2024,90.47,96.43,97.71,157.86,53.19,302.65,153.65,99.9,56.36,40.06,1.32,0.38,95.12,95.63,0.1
Seychelles,SYC,Sub-Saharan Africa,High Income,2025,92.16,97.3,98.78,155.86,54.59,319.61,162.29,99.9,66.44,40.28,1.35,0.47,95.47,95.9,0.11
India,IND,South Asia,Lower-Middle Income,2018,44.07,51.97,57.61,77.96,10.06,31.15,14.77,62.83,0.0,36.44,2.2,5.87,70.03,64.05,1410.0
India,IND,South Asia,Lower-Middle Income,2019,45.16,53.29,58.37,81.34,10.29,32.47,15.77,63.01,0.0,38.11,1.95,5.68,70.03,64.15,1421.28
India,IND,South Asia,Lower-Middle Income,2020,47.71,54.1,61.18,83.73,11.27,36.96,15.49,64.95,0.0,37.53,2.04,5.87,70.49,64.54,1432.56
India,IND,South Asia,Lower-Middle Income,2021,47.73,56.08,61.17,85.19,11.67,37.17,18.86,65.35,0.77,34.4,1.82,5.46,,64.84,1443.84
India,IND,South Asia,Lower-Middle Income,2022,49.0,58.08,63.22,87.17,12.24,37.09,16.99,66.19,2.82,34.08,1.79,5.28,70.92,65.07,1455.12
India,IND,South Asia,Lower-Middle Income,2023,51.18,59.45,65.37,87.76,12.84,41.97,17.57,68.34,5.95,33.98,1.67,5.01,70.99,65.33,1466.4
India,IND,South Asia,Lower-Middle Income,2024,52.4,61.36,68.25,90.52,13.1,43.03,20.35,67.47,8.07,32.74,1.71,4.81,71.29,65.91,1477.68
India,IND,South Asia,Lower-Middle Income,2025,54.08,61.71,68.65,93.38,14.33,49.23,21.31,68.95,12.78,32.53,1.38,5.08,71.46,65.85,1488.96
Pakistan,PAK,South Asia,Lower-Middle Income,2018,40.89,48.8,67.2,107.54,7.38,49.39,28.09,74.31,0.0,19.19,1.43,6.96,75.49,46.78,235.8
Pakistan,PAK,South Asia,Lower-Middle Income,2019,41.94,47.38,66.83,104.39,7.43,51.87,29.61,76.28,0.0,19.41,1.47,6.93,75.66,47.17,237.69
Pakistan,PAK,South Asia,Lower-Middle Income,2020,43.04,50.68,69.32,110.04,8.3,53.93,31.27,76.69,0.0,17.95,1.18,6.55,76.05,47.35,239.57
Pakistan,PAK,South Asia,Lower-Middle Income,2021,44.24,53.07,70.68,109.49,9.35,59.22,34.63,77.95,0.0,18.3,1.23,6.33,76.04,47.8,241.46
Pakistan,PAK,South Asia,Lower-Middle Income,2022,44.1,,74.08,112.05,9.3,64.05,36.42,77.97,3.87,18.07,1.09,6.19,76.26,48.0,243.35
Pakistan,PAK,South Asia,Lower-Middle Income,2023,48.2,56.09,74.1,113.91,9.52,67.31,38.15,78.6,6.08,16.83,1.09,6.12,76.54,48.44,245.23
Pakistan,PAK,South Asia,Lower-Middle Income,2024,49.85,57.26,76.43,118.43,10.5,71.17,41.82,80.42,7.84,18.04,0.94,5.85,76.63,48.68,247.12
Pakistan,PAK,South Asia,Lower-Middle Income,2025,50.14,58.63,77.52,118.66,11.02,74.27,41.96,81.66,10.9,17.5,0.93,5.43,76.86,49.1,249.0
Bangladesh,BGD,South Asia,Lower-Middle Income,2018,55.9,58.65,45.01,96.45,5.1,46.18,34.81,87.55,0.0,17.19,1.36,4.65,69.02,40.34,171.2
Bangladesh,BGD,South Asia,Lower-Middle Income,2019,57.61,59.7,46.67,96.38,7.08,48.44,37.44,87.76,0.0,17.86,1.18,4.67,69.32,40.71,172.57
Bangladesh,BGD,South Asia,Lower-Middle Income,2020,57.5,62.55,48.52,100.05,7.14,51.41,39.32,89.98,0.0,17.09,1.23,4.46,69.52,40.96,173.94
Bangladesh,BGD,South Asia,Lower-Middle Income,2021,60.04,62.97,49.99,100.63,8.15,56.53,41.75,90.11,0.0,19.77,1.12,4.29,69.74,41.26,175.31
Bangladesh,BGD,South Asia,Lower-Middle Income,2022,61.92,65.6,49.93,103.46,8.7,62.3,44.62,90.36,3.16,16.63,1.06,3.97,69.77,41.74,176.68
Bangladesh,BGD,South Asia,Lower-Middle Income,2023,63.05,68.41,53.33,105.27,8.85,63.66,44.37,92.18,6.48,17.03,0.93,3.65,70.1,42.0,178.05
Bangladesh,BGD,South Asia,Lower-Middle Income,2024,64.23,66.85,52.67,106.32,9.54,64.13,50.09,93.8,8.42,16.24,0.82,3.83,70.21,42.23,179.42
Bangladesh,BGD,South Asia,Lower-Middle Income,2025,65.67,69.0,56.28,108.29,9.24,73.22,52.12,94.81,11.25,15.63,1.07,3.43,70.51,42.59,180.79
Sri Lanka,LKA,South Asia,Lower-Middle Income,2018,59.87,43.22,49.18,103.92,11.19,46.21,16.02,75.7,0.0,16.67,1.37,7.98,65.67,49.94,22.2
Sri Lanka,LKA,South Asia,Lower-Middle Income,2019,61.72,44.89,48.72,105.03,12.1,52.95,14.78,76.32,0.0,16.42,1.17,7.89,66.06,50.24,22.38
Sri Lanka,LKA,South Asia,Lower-Middle Income,2020,64.06,44.94,50.22,106.5,12.88,59.23,17.85,77.2,0.0,17.68,1.03,7.79,66.18,50.71,22.56
Sri Lanka,LKA,South Asia,Lower-Middle Income,2021,64.77,45.81,53.36,109.11,12.58,56.45,19.7,77.01,0.17,15.65,0.97,7.35,66.3,51.08,22.73
Sri Lanka,LKA,South Asia,Lower-Middle Income,2022,66.92,49.23,56.36,110.29,13.36,61.25,20.4,78.59,2.62,14.75,1.13,7.17,66.56,51.4,22.91
Sri Lanka,LKA,South Asia,Lower-Middle Income,2023,68.36,51.2,56.25,110.54,14.48,64.15,22.31,79.66,5.04,14.63,0.87,6.64,66.82,51.7,23.09
Sri Lanka,LKA,South Asia,Lower-Middle Income,2024,70.76,52.21,58.54,111.43,15.0,69.2,23.84,80.77,7.87,14.53,1.04,6.62,66.83,52.04,23.27
Sri Lanka,LKA,South Asia,Lower-Middle Income,2025,72.7,52.57,60.32,115.7,14.86,71.97,24.77,82.17,12.86,14.3,0.77,6.3,67.24,52.17,23.44
Nepal,NPL,South Asia,Lower-Middle Income,2018,46.13,45.74,66.28,72.25,14.35,49.78,30.45,85.29,0.0,18.11,2.76,4.53,81.75,65.45,30.5
Nepal,NPL,South Asia,Lower-Middle Income,2019,47.06,48.06,68.95,74.53,15.49,60.54,32.83,86.86,0.0,17.07,2.42,4.4,81.83,65.62,30.74
Nepal,NPL,South Asia,Lower-Middle Income,2020,48.32,48.1,69.74,77.71,16.18,62.65,37.38,88.24,0.0,16.83,2.42,4.25,82.07,66.02,30.99
Nepal,NPL,South Asia,Lower-Middle Income,2021,50.2,51.37,71.45,77.41,16.42,68.15,37.43,90.46,0.0,16.47,2.22,4.03,82.31,66.29,31.23
Nepal,NPL,South Asia,Lower-Middle Income,2022,51.8,50.67,74.85,81.65,17.44,72.11,40.04,90.52,2.73,15.93,2.19,4.07,82.57,66.64,31.48
Nepal,NPL,South Asia,Lower-Middle Income,2023,52.16,54.23,75.14,79.41,17.46,76.85,42.44,90.19,5.75,15.72,2.06,3.98,82.72,66.71,31.72
Nepal,NPL,South Asia,Lower-Middle Income,2024,55.54,54.06,76.88,84.95,17.85,81.39,45.81,92.55,8.28,14.76,1.98,3.8,82.64,67.12,31.96
Nepal,NPL,South Asia,Lower-Middle Income,2025,55.63,54.78,79.44,86.57,19.36,81.94,46.98,93.85,11.11,14.48,1.94,3.59,83.03,67.27,32.21
Bhutan,BTN,South Asia,Lower-Middle Income,2018,39.28,55.83,44.03,95.15,11.91,49.22,35.02,71.04,0.0,20.05,1.63,4.33,68.49,60.83,0.8
Bhutan,BTN,South Asia,Lower-Middle Income,2019,40.76,56.64,47.38,96.91,12.06,58.86,35.93,71.67,0.0,18.6,1.6,4.15,68.94,61.18,0.81
Bhutan,BTN,South Asia,Lower-Middle Income,2020,42.91,58.47,46.84,99.22,12.98,61.97,36.62,73.05,0.0,17.48,1.42,4.18,69.26,61.55,0.81
Bhutan,BTN,South Asia,Lower-Middle Income,2021,46.02,60.98,51.76,100.62,13.3,69.82,39.43,73.89,0.82,17.46,1.34,3.89,69.45,62.03,0.82
Bhutan,BTN,South Asia,Lower-Middle Income,2022,46.11,61.9,52.87,103.24,13.94,70.25,41.25,75.21,3.13,17.14,1.51,4.01,69.37,62.11,0.83
Bhutan,BTN,South Asia,Lower-Middle Income,2023,45.68,62.87,54.02,104.59,14.55,80.82,45.47,74.98,6.58,17.23,1.4,3.69,69.67,62.32,0.83
Bhutan,BTN,South Asia,Lower-Middle Income,2024,49.0,62.53,57.12,102.97,15.89,77.91,46.68,77.23,8.66,16.95,1.23,3.54,69.95,62.67,0.84
Bhutan,BTN,South Asia,Lower-Middle Income,2025,50.99,65.91,58.28,106.85,15.86,83.76,48.8,78.3,10.26,17.38,1.11,3.44,70.07,62.96,0.84
Maldives,MDV,South Asia,Upper-Middle Income,2018,72.77,74.75,64.98,129.85,29.09,45.56,63.7,89.43,0.0,22.41,1.98,2.75,82.77,82.3,0.5
Maldives,MDV,South Asia,Upper-Middle Income,2019,74.36,74.6,68.42,130.78,29.45,49.25,68.87,90.12,0.0,22.33,1.89,2.71,82.77,82.54,0.5
Maldives,MDV,South Asia,Upper-Middle Income,2020,75.51,76.94,67.1,132.7,30.01,50.03,71.81,91.81,0.0,20.06,1.92,2.69,83.1,82.81,0.51
Maldives,MDV,South Asia,Upper-Middle Income,2021,77.02,80.16,69.61,135.86,30.65,54.75,78.44,93.19,6.37,21.03,1.68,2.41,83.51,83.25,0.51
Maldives,MDV,South Asia,Upper-Middle Income,2022,79.21,81.48,71.53,136.86,31.39,61.04,84.05,92.85,13.64,20.46,1.78,2.66,83.52,83.46,0.52
Maldives,MDV,South Asia,Upper-Middle Income,2023,79.91,82.62,72.32,138.52,31.73,62.81,86.78,94.78,20.08,20.01,1.48,2.42,83.89,83.69,0.52
Maldives,MDV,South Asia,Upper-Middle Income,2024,81.29,82.91,75.01,141.97,32.76,64.99,92.64,96.09,25.74,18.63,1.63,2.34,84.19,84.07,0.52
Maldives,MDV,South Asia,Upper-Middle Income,2025,84.02,84.88,76.48,141.07,33.18,71.63,96.14,97.27,29.39,19.27,1.6,2.24,84.21,84.37,0.53
Afghanistan,AFG,South Asia,Low Income,2018,33.96,29.64,29.63,60.75,4.87,16.28,8.0,51.38,0.0,55.47,5.17,7.17,67.85,26.12,41.1
Afghanistan,AFG,South Asia,Low Income,2019,33.99,32.28,33.48,60.52,5.38,17.06,10.42,52.55,0.0,52.2,4.93,6.69,67.83,26.55,41.43
Afghanistan,AFG,South Asia,Low Income,2020,35.21,34.58,35.34,64.22,5.72,18.05,9.64,53.23,0.0,53.06,4.77,6.7,68.05,26.74,41.76
Afghanistan,AFG,South Asia,Low Income,2021,37.32,34.9,36.91,68.27,6.87,20.8,9.55,54.4,0.0,52.58,4.45,6.4,68.24,26.94,42.09
Afghanistan,AFG,South Asia,Low Income,2022,38.94,36.42,38.83,67.81,6.9,23.43,11.85,55.42,0.0,51.73,4.38,6.49,68.35,27.19,42.42
Afghanistan,AFG,South Asia,Low Income,2023,39.72,38.28,39.87,69.81,7.61,26.04,11.51,57.83,1.39,49.72,4.2,6.17,68.83,27.52,42.74
Afghanistan,AFG,South Asia,Low Income,2024,41.21,39.35,42.23,71.99,7.35,25.04,10.27,57.21,2.35,47.44,3.78,5.66,68.75,27.71,43.07
Afghanistan,AFG,South Asia,Low Income,2025,42.75,39.93,42.53,73.67,9.15,24.45,14.39,57.79,2.81,47.82,3.69,5.82,68.96,28.04,43.4
Serbia,SRB,Europe & Central Asia,Upper-Middle Income,2018,70.63,63.86,73.84,113.33,18.66,73.59,49.51,91.15,0.0,37.72,0.76,2.44,90.54,68.1,6.8
Ivory Coast,CIV,Sub-Saharan Africa,Lower-Middle Income,2024,53.24,51.04,74.11,93.97,20.69,50.27,48.87,71.13,9.27,27.92,2.12,5.12,67.77,58.96,29.55
Belize,BLZ,Latin America & Caribbean,Upper-Middle Income,2020,83.57,86.27,64.95,131.98,19.51,74.28,76.63,85.79,0.0,40.23,2.65,2.78,80.63,61.75,0.41
Mauritius,MUS,Sub-Saharan Africa,Upper-Middle Income,2018,78.52,74.26,64.76,97.19,21.88,97.78,65.19,93.01,0.0,,1.99,1.95,85.63,66.02,1.3
Peru,PER,Latin America & Caribbean,Upper-Middle Income,2018,74.09,76.87,77.58,99.74,33.03,69.73,47.6,88.68,0.0,20.57,1.08,3.53,81.38,71.33,33.7
